session_id,condition,participant_id,createdAt,block_count_actual,blocks_planned,n_blocks_pulled
0FtkSQ1LUa9yX7PhTVOs,ai_agent,PxWhgtd9I6Uro9j9bkMaikYIfCR2,2026-09-22T18:35:50.100Z,,80,
0KhHI8FKadz3gKmFJI73,baseline,ArPkdjf8AZTlnBB5NZXubOklfYr2,2026-09-13T03:58:10.245Z,,80,
0Q8wjYX5DiwWvCX6Dml9,baseline,C21jA4XXe8ce4BjdmNbCnUEIn7f1,2026-08-26T04:39:05.525Z,,80,
0ZPkQC9909t2NxoorAue,baseline,WwzL3c6I37YO7I8oqRqXUEpFI8q2,2026-08-26T04:50:20.104Z,,80,
0dGWweP2JZt95DsiEX9o,baseline,zP1ubLgF0dZdLQnbtTlqyBZm2VT2,2026-09-21T14:08:18.065Z,,80,
0gQJXEx8ONup6skjg8ux,baseline,QS21UszM4nYFZJPtNemU9UYQHQW2,2026-09-12T20:30:13.700Z,,80,
0jxml6FAPywctbRiREYm,baseline,brRdk0CrIrQfzonveNpDBME1YGy1,2026-08-26T05:27:49.410Z,,80,
0nkWwEaXt3EisfONxDzW,ai_agent,Ey37vmJGHQgtr10jwR4u8qDaZ533,2026-09-12T23:09:34.040Z,,80,
19XuUY6KhWkor3n1jHgJ,ai_agent,lvlGreP3w8YNWe3qXucUhj3Ih1g2,2026-09-20T22:04:32.941Z,,80,
1DoNxqM1NZxcZI9XWyZy,ai_agent,gYyt23wXrveAmifdlqaMFJgklU63,2026-03-12T01:06:36.210Z,80,80,80
1FjDkrEofw62qQKNzh3R,baseline,H2yxzUupIfQxnbFRpFHuivXS9RQ2,2026-09-13T05:57:08.286Z,,80,
1KOAXQqHdmuWvsSSei0T,baseline,m9LsG0IvOiQaY5jmisa0XlMXYQi1,2026-09-22T23:58:35.674Z,,80,
1LBtjfIAMCRx0779rTrx,baseline,9doy9Lu634cILadZm3zOMavY00X2,2026-08-26T06:27:47.817Z,,80,
1Ur4OoWFFxjzyW2FGDMG,baseline,C6dmfo7xQKWHJ7ieZPyiEwBIMfz2,2026-09-18T20:40:47.547Z,,80,
1qFfbgQgElLbbBgoVrFL,baseline,gycCVEVUhmSF3IFlCH3AmqdrLEf1,2026-08-26T05:48:25.945Z,,80,
2VF0rbgL02P51yZobGTN,baseline,d2wr0aDCH3XveYauv1fRHTfsnLa2,2026-09-22T22:11:48.979Z,,80,
2bb4dxJAyNbTmzZjMZvD,baseline,jbBtGJaQFtX9uR3RlwV8GA2xEtj1,2026-09-12T12:09:16.626Z,,80,
2oBUWZowDBAvJFZ7gjCe,baseline,GBZx7b6rQjVlKxwr5DiiWrgFdWn2,2026-09-21T22:41:55.277Z,,80,
2wGMTYHBP3wK9SEoeKoZ,baseline,pwNey4JjAoc0VPkZc0ShstEkwkv2,2026-05-26T23:38:03.736Z,,80,
3D8fxMCEjMjsMPybV9YT,ai_agent,5x1opaTQ76XLmR1w9n7PWPRa8Zn1,2026-03-12T20:11:34.300Z,80,80,80
3UeMnr5tbkbSxjSlqw5a,baseline,dtUSpTeOA0PFrAEBTJyVuJlqmZz1,2026-09-21T00:28:33.610Z,,80,
3ckne3Px3uYeJbA1zc5m,baseline,rIPmgEkqVJP5U5Xo09iLd4526Mq2,2026-08-26T03:00:49.766Z,,80,
3cycVhWJQvgc9HCdOSHX,baseline,mjuMjnH62mYnsvwtH3fsqSbEpHm1,2026-08-26T06:37:09.917Z,,80,
42ew2VyXCeTMjn3BSBbT,baseline,D9JdD6xDhEgnr5Y63MAttl5sWb53,2026-09-13T05:27:02.602Z,,80,
44HEGewRnBgW11bqm0ON,ai_agent,Qf3aZlk7s6UjRXIV9LNNSir00jk1,2026-09-13T17:36:17.324Z,,80,
4A7mGRqhrNQcznYtUZyj,ai_agent,fZKa2DlIQsauGwMuoeNye2mI4vv2,2026-09-12T16:47:36.522Z,,80,
4EpeOVR2SolrkvS9gFKf,baseline,qXQkEKNm9Db4ebkx2B8QREJqY263,2026-08-25T22:55:50.201Z,,80,
4PLRISfl9x2M6rmuCUHo,baseline,I25Uze8QOUeRaxez7QHzuRhlDBC2,2026-08-26T07:01:32.225Z,,80,
4dAZ0DEsc6lAU7C2J4qj,baseline,ufF3iyA3PSgXBxA2ziPe0dVVAvX2,2026-09-21T23:25:10.927Z,,80,
4dBXdvLO3U5viG6Rgdyf,ai_agent,njmCrKPrbff581NFSR6iUP0b6Ky1,2026-09-19T01:15:44.407Z,,80,
4kfPqW8sBEZhhdPhf4io,human,jaFBRIlWA9O2p6Cn69uel8OEK5G3,2026-04-04T16:23:06.477Z,,80,
4rlfreI2caYuXXgoiq3H,ai_agent,BisvrcA0NmdVTcW8bCAkhrklCZ12,2026-09-21T04:12:32.517Z,,80,
4tA9ZRGoF0VJWh8Cep43,baseline,Kwn5t1q0eKSKER3Uc6fj0ijyE7M2,2026-08-26T05:44:41.355Z,,80,
57wNkhWWkaN4WSC3xPEB,baseline,TKXK7hEUiBPflFwn6S2r1FsWjWE2,2026-08-26T04:16:35.225Z,,80,
5Kztn6C7aWLbU6YhoRp6,baseline,awubss3ncicvq5SnKpSM9NKAu1q1,2026-09-12T23:59:02.124Z,,80,
5NhPo9eYFWGNmjRYntmY,baseline,PPt0bsmh3UNi65m3vR4dtOMiqTM2,2026-09-19T00:45:46.597Z,,80,
5P91CZmPYHmW2ImKFmk7,baseline,G85hYQf82EQjQfcA6IEdqn6koyg1,2026-08-25T20:52:58.321Z,,80,
5PwkRrM6baTmWg6iP8sa,human,7CjD2CPKlvUzXMcZZprjVEBGcBm1,2026-04-12T11:59:21.419Z,,80,
5b3bfyGV2iOvt3VrU9vd,baseline,vbcCbE1Bm6Z1YK1xNekHXUV4kcZ2,2026-09-12T22:18:54.389Z,,80,
5iT5dsIUmFcIbsTDDm84,baseline,sANw8ju5t6Nz283Hx1i3Yf9Qqjw2,2026-05-26T20:09:38.902Z,,80,
5kUiQv0OXHggopTruMeX,baseline,G85hYQf82EQjQfcA6IEdqn6koyg1,2026-08-25T22:07:30.316Z,,80,
5qzj1fBiSxhNIpHmFFgs,ai_agent,oub9pxybTjSGm8dJU6hOaz9YP6X2,2026-09-12T09:45:32.144Z,,80,
61Wf6HrMsj8kZuYMnqho,ai_agent,VRCoMBMe3LRishn2xrXxgJnHgmv2,2026-09-13T10:03:37.378Z,,80,
6ApBwJCr652Pl87kiLbY,ai_agent,zKZPvjul53P7E6gyXEKAe1xvMGd2,2026-09-12T00:40:36.824Z,,80,
6BIUV45JxPJIZ21oifu7,ai_agent,SJ8IwhIpo0XdbDceg03vZnmB9493,2026-09-12T13:11:12.982Z,,80,
6Qg7iL2K8YPLrTCujN3X,baseline,iVwtp6gX2kdgxTlShdP7ju7D5fu2,2026-09-21T09:46:14.476Z,,80,
6W2fWqJfvcz4cNBGgzhr,ai_agent,3ScL5x1sjcTIbHv9hW8QbYTXe6t2,2026-09-12T21:20:58.050Z,,80,
6ZrRWtYoOwKSy4fQWM78,baseline,5kAoM0StNlbzvIiyHFKtd7eRVcf2,2026-08-26T04:14:42.476Z,,80,
6bYLNnSAAXGR0rKZEOBS,human,7CjD2CPKlvUzXMcZZprjVEBGcBm1,2026-04-12T12:16:42.425Z,,80,
6t2eaPv597poFF9jr3Df,ai_agent,9eToOEWnM8NlbXWQRDQj4Ip2XIL2,2026-09-20T23:07:23.427Z,,80,
6uBCDYlmg8jR2h2tU9pu,baseline,Ar9TRr8o8uMa5Vs2szvcuWUcZF33,2026-05-27T03:06:38.384Z,,80,
7172lNHhCiulEYnTck1H,baseline,5FLtRpPmMMhVyK97zNQ8W4ZvbKn2,2026-09-13T01:00:54.725Z,,80,
74wsOx6W5wpsEtJCpKFK,baseline,5RKFE7djN6Reh0UidVednIeAWIH2,2026-08-26T04:54:04.897Z,,80,
78BLGL9NeVJpBN2k5Xs4,baseline,PxD6Jy3HbqbboJhkcrkwmTYD2qg1,2026-05-26T13:51:17.902Z,,80,
795yOMBwaLQBAlU7o0o3,baseline,YrB6MHz5TIP1LO0nA69WWR440QW2,2026-08-26T04:55:57.448Z,,80,
7Gl56Ld6GaLEf22FSHQi,baseline,4upXPge3J5aZTUtwMQbKlc4kJqq2,2026-05-26T04:05:15.515Z,,80,
7OLsu2c5YbvFaHxAWgUo,ai_agent,q4oRDjDV2GPIXLGwzVSg4xTKyWF2,2026-09-22T22:59:40.534Z,,80,
7ec7chGX6WpI7T975GFD,baseline,G85hYQf82EQjQfcA6IEdqn6koyg1,2026-08-25T21:34:33.323Z,,80,
7eqVOQt9kkkD0bijyAKB,ai_agent,xtNoxu4wBwWmT3dSmGIa3zZItUH3,2026-09-13T16:58:45.429Z,,80,
7qmmlpPFyOkkq4iNRvte,baseline,FYiXmyWK8HYEPOd5YUVLj5HUJ5A3,2026-08-26T06:33:24.977Z,,80,
8D55PuSn3Zve4bc295uu,baseline,G85hYQf82EQjQfcA6IEdqn6koyg1,2026-08-25T20:36:35.334Z,,80,
8Ml4YaEorlWwZP6gomo9,ai_agent,ipHBTYLsPHcG6PV3q5I08Lz3iAa2,2026-09-12T06:33:51.019Z,,80,
8NbDeZnCcqpdFi40cjfb,baseline,sANw8ju5t6Nz283Hx1i3Yf9Qqjw2,2026-05-26T20:18:37.160Z,,80,
8XWqVYdZwXflpF9fNOAW,ai_agent,cVQIgXUSStTF7MWw2zJcOmh7rX13,2026-09-11T21:12:23.965Z,,80,
8ZkR6EZt8tbuyQLCc1fj,baseline,bfpMKGHCindctN2moVrPhWzGkmj2,2026-09-21T07:48:56.248Z,,80,
8q4MgonaaI6Dcu3bnJBz,baseline,QhUbYodXZ9Q8k0YZJKPECADkaCg2,2026-08-26T06:59:39.673Z,,80,
8voGHbUd0gAym0ijgHYY,baseline,JXDPAH3WTmQasvB0GUAgkAOtN2B3,2026-09-22T09:09:11.398Z,,80,
8yS7Gk5EnrceZifgRfBd,ai_agent,pAXKyDEEE1M7MXRiHzd219MXYro2,2026-09-13T23:46:42.960Z,,80,
8z9PmxmutyRFoOQdqkC1,ai_agent,hBXivVpPZSRh53PX87ebpQfYSup2,2026-09-21T01:18:25.112Z,,80,
9B36FZ61rn7ORuP9Vnzh,baseline,SmvkXl21r1hSNqlqwpFXZrtiIln1,2026-05-30T21:45:32.067Z,80,80,80
9FXlaMwBTAOY2mIRkGDO,baseline,zhzMzklw6GZ9M6Hk35LbU8ikCGv2,2026-08-26T03:07:47.114Z,,80,
9YCNO65cw5QNKUD4Q3Nz,human,7CjD2CPKlvUzXMcZZprjVEBGcBm1,2026-04-12T12:36:57.758Z,,80,
9lx2QGZ6W5c4sHFOAjvk,baseline,fSR9vGNNQ7NoAabF46afkR8jT3K2,2026-08-26T06:54:02.262Z,,80,
A0XTVvNW7GTCLICSfNUb,baseline,NKSXoGroFfgt7sh1JCNOgZ9QTWP2,2026-09-21T11:30:30.375Z,,80,
A38EigJgTDfRTmdVyp5F,baseline,0eRWhdb7d4N3mmMFmsC8rRVnkdd2,2026-09-21T11:52:55.123Z,,80,
A9nZhipRnOqpL0lq9R81,ai_agent,ybaNR16GIxXfx3XXBv6t0LVYdvl1,2026-09-21T03:27:53.482Z,,80,
AQaHTZF3sfOOefXByNW3,baseline,yX9fNBStXYSE5cBbuJcL5QrWQd02,2026-09-12T00:39:22.233Z,,80,
ATd3Zy5bxGRQaw6eqVKd,baseline,MRBajowE6PNkFA3CQ9R4EBqROCM2,2026-09-22T03:31:06.329Z,,80,
BQbNfWCu1BtGv7jW6iZR,baseline,W6ei73RXV1YI9D1jZiwK7eD0kGG3,2026-09-22T12:17:30.673Z,,80,
BXBRGPh9rmIigYuMaU86,baseline,LcsjDmekdegdQASk4FnHgi6g1xw1,2026-09-21T06:40:51.611Z,,80,
BdR4V7OaeIfQJ9ctd40d,baseline,37qyCmp0AIWinJIcGscX4KNtfTp1,2026-09-12T19:57:28.453Z,,80,
BdrevHYwbdehnGJ4vhcP,baseline,G85hYQf82EQjQfcA6IEdqn6koyg1,2026-08-25T22:15:54.319Z,,80,
CbCuH7D7lBJMJTfy1pE3,baseline,V0OdyeJX94bvDRbMduAjhSStsc53,2026-09-20T23:06:10.299Z,,80,
CigOWKJhfVDhidfY4w3S,human,03XJhnvMIddSPb7o1xRSXQ4VY1X2,2026-08-24T20:45:26.524Z,,80,
Cm6IvBWh0ojyCP6KQ35t,baseline,HSISLGxL7JcTnL7s9OCg17PnQD03,2026-08-26T05:24:04.560Z,,80,
Cv9o57E43Vtc65C9XXV8,ai_agent,pauIu0GL6dVAhJmQ8moeQRQAlAI3,2026-09-13T21:05:39.976Z,,80,
CvXaMy5NK0fqm61BEIOU,baseline,ETtLEpJvCfYGcDBbTFLfOxhWIv13,2026-08-26T05:10:57.065Z,,80,
D8UkpOpRiRwCZnQk2pEm,baseline,fojMRU4uvKWWzgCRrGhqqDGimXf2,2026-09-12T14:27:43.646Z,,80,
DFWv1fkZ6uSnlgxJMSTf,baseline,qXQkEKNm9Db4ebkx2B8QREJqY263,2026-08-25T23:22:35.688Z,,80,
DQ895A3yVzd0pfM7KfpT,baseline,IdVmWqnzG5O3NaUrCu2zEUwYATg1,2026-08-26T04:37:12.689Z,,80,
DRvMccbM35CRjEdCNjNr,baseline,G5PFi62yGeNAMphJE8xX3fsyMf13,2026-09-20T20:51:53.249Z,,80,
DXDfemK2G2wLpHUfYkRR,baseline,BiK6ON2O2Oc1p0ZYxl3PhhPIbNu1,2026-08-26T06:57:47.068Z,,80,
DaLCH2JjUpfkDCU4y6bo,ai_agent,hDyFZDP3Nqa1k0bKJjk5ZhnGFY02,2026-09-21T05:26:55.489Z,,80,
E3j4rnLR1ArmH8MlGjIn,ai_agent,c1K74F4JPyNsokQxogxxAfIg8sl1,2026-09-21T11:31:44.816Z,,80,
E7kHc3WHGTlnazQhil88,baseline,frUgQi48Lod64BQZJGksvg1AYHG2,2026-08-26T06:31:32.799Z,,80,
EERDNx1VFXSK359cG8uW,baseline,iSo1KShdkhVXGrWqDoXkdU0qsLM2,2026-08-26T05:25:56.789Z,,80,
EdL9waltSl8W9fAwj0um,ai_agent,5x1opaTQ76XLmR1w9n7PWPRa8Zn1,2026-03-12T20:05:32.735Z,80,80,80
EhQnPZXIadeuuLFFFZTD,baseline,WYzBNFsogFPodmhu4xoaM1Ru44y2,2026-08-26T04:42:50.247Z,,80,
EhqMFAUXQixt3EQ0VNH4,baseline,aYQL5LQbYUfvmcahficaM6fz2032,2026-05-26T02:54:57.537Z,,80,
EtGrjpzh1yx8RoJinh5i,ai_agent,zs0YHy9QGfWPFvo4P2naN57eI0w1,2026-09-13T08:44:00.064Z,,80,
FE8zuVMbSFJ3JU4BiZgT,ai_agent,b8DXeSw89lhy6YACwpfZk1ptw0m1,2026-09-13T15:06:13.568Z,,80,
FHldzBgWJC6TC1Zn7dg4,ai_agent,tOGNV6fR26fgEKuyS4eXVKXttIT2,2026-09-13T05:28:17.867Z,,80,
FJRtSNUMXTFkSqw2t2DE,baseline,qXQkEKNm9Db4ebkx2B8QREJqY263,2026-08-25T23:41:24.361Z,,80,
FZtTddC2f4TLXkxIcl5a,baseline,G6Up4xxCMscRJVvnrGSykRDMtCH3,2026-09-12T08:21:10.554Z,,80,
Fhn145CUwjkgtMYiRe9A,baseline,pwNey4JjAoc0VPkZc0ShstEkwkv2,2026-05-26T22:21:45.671Z,,80,
Fiir9YfKNTNUT7JJBdLv,human,v7vrmX8RR9RzriTAByWMsj1TCbt1,2026-03-16T18:04:18.965Z,80,80,80
Fjkyv25zutF4P7wtQqlZ,baseline,yYxoeO3GzaTi2lcjIMMPdndAeWX2,2026-09-19T03:28:22.596Z,,80,
FpLToPFsH9crpPZnzCIC,baseline,mbbiujsQxYZlDuVAzZrBpXLBO372,2026-09-18T21:46:47.040Z,,80,
G306LD0Cu07VY1S4n2gS,baseline,ss56hBtoYuhgIbrhdLx63gE3wOA2,2026-09-22T23:40:39.388Z,,80,
G5Wa8U2JvOEWq9CoMVZW,ai_agent,pgXmkcBvvha5dPp6yOv2QpBhB2F2,2026-09-12T17:35:48.931Z,,80,
G7c2rsCi28h1LmH7j9H9,ai_agent,CCS8RQXpa7M0kubHsEVy02z9yh03,2026-09-12T19:58:54.102Z,,80,
GAN1IeCqASWky4TEeB2Z,baseline,VDiSfOoXcWRdhGmVHuP6OBVNYmO2,2026-09-20T16:20:54.555Z,,80,
GJFVCdzq2N3WCaZXKlhf,baseline,sNac1wy5KzMZdBvsbPaTKPKeBew1,2026-09-12T10:57:52.915Z,,80,
GJYb2q7ADBxKFmm0KHzL,baseline,5BlF9d7dPYQB3P3xcGHUweW2bYn1,2026-08-26T07:10:54.221Z,,80,
GMDNtZDe5mQUzxCF2pvS,baseline,H9nzyXCAUHbEmenfyqjELRpB0Fr2,2026-09-13T16:57:20.921Z,,80,
GPNZeezx933CSb0JdTqE,ai_agent,b1BRWQ630xYaRhNyrgajDtF3KtG2,2026-09-12T07:11:08.785Z,,80,
GdbGbuIPwArBNs7j9gWc,baseline,E6Xjf2yhkYOKKMZ0A6M5s84o6ZN2,2026-09-13T23:45:21.137Z,,80,
GfKIbeNu7kROGE9Fhbqq,ai_agent,OC18RfX7FBNGCCSKf2DQI6iraPX2,2026-09-12T20:31:51.099Z,,80,
GwciNJNQogKGQ0uvJVPi,baseline,4upXPge3J5aZTUtwMQbKlc4kJqq2,2026-05-26T04:31:31.602Z,,80,
H0n4Hmi98HijOnwqYynL,baseline,92r9qWqhrmfL0AgzCxG4lshFsBE3,2026-09-21T19:02:33.344Z,,80,
H2K7qVNJO2FLt7dj0WA0,baseline,ynCkhA6BFGTrcx1kIAYECnlZLGy1,2026-08-26T07:07:09.418Z,,80,
H4WH2NAAt9Jv5SD6elQ6,ai_agent,2YzXWw3O7fb1qEh8ifyU0qBUz9J3,2026-09-12T15:11:35.240Z,,80,
H8dF3FfpNhNkcHNCwDKH,baseline,6uPYM3BnzZMYD9cqu4t99yOXQXh1,2026-05-28T01:02:42.940Z,80,80,80
HF8d4XkDnga2fQkEBtYG,baseline,Vkzx7sZkTvZth99klUKXAWsjUIl1,2026-08-26T05:35:18.925Z,,80,
HIaFRTqw1SxfXYRCowbl,baseline,FO3KQkqQKFPUdR2IktPXpxJZu7w2,2026-09-11T20:23:27.970Z,,80,
HMWXxM4hmGLERB5e9280,baseline,GMVry2B3HIhYpeVfnW9H6JU1HR82,2026-09-13T09:26:46.036Z,,80,
HO1W5zHH5u6MgKYpYbPh,baseline,LwYHBHxirGSTHX6s7sotPpI4Y3v2,2026-09-21T04:11:17.075Z,,80,
HcAlK4MWSxMkprZGQSvT,baseline,8fRs63qHniYjFOCQNC7D4MQy9yR2,2026-08-26T06:03:25.704Z,,80,
I0bJcymVOtRTAwEaKofB,ai_agent,Pt2uUQRuDVP43eDfdGf3A4p9LU13,2026-09-12T07:43:53.927Z,,80,
IEVNquDH9tv0ZY6QO086,human,aYQL5LQbYUfvmcahficaM6fz2032,2026-05-25T16:00:56.407Z,,80,
ILDy8o5Xb2duYtqxomDo,ai_agent,bn3Fctwaf7dISyhTXYl0Joistk73,2026-09-12T06:01:27.719Z,,80,
Ijwauzp1m2PRzih4ffb3,baseline,8jgTZntZOZY4eEcViuBypwOtemr1,2026-08-26T06:44:39.930Z,,80,
IkNpyhyRweTR27AEfXQI,baseline,3Reb46yAtvgCqWNp8CaiuQYAXzv1,2026-08-26T05:40:56.511Z,,80,
IyuqeN7X8RtBB5H2wNza,baseline,V7WAFVJUumQZ8mGmqZqvIS80rpU2,2026-09-12T18:48:06.549Z,,80,
J84yJrzXI3s3YwjtbWBu,baseline,Rs5Fq1mefcf3TMQh2Ran6Jy93hv1,2026-09-19T01:14:04.691Z,,80,
JINeN30uvLHkfJFh8yLP,baseline,ADGPCEEgIvNWesALIg7m84DY3yS2,2026-08-26T05:52:11.355Z,,80,
JKSoT8RB7cNcvO6QaOGX,ai_agent,Hgv8WJciILZ7LhMCKnQOxZBusLj2,2026-09-19T03:30:15.263Z,,80,
JZGuZXn8pKoNlkNdL06V,ai_agent,nx20eo4WHkNrSQwophdqWXGPLDX2,2026-09-13T12:49:36.379Z,,80,
JdPub8Fd7weAbKGF3CsE,baseline,pwNey4JjAoc0VPkZc0ShstEkwkv2,2026-05-26T22:25:08.071Z,,80,
JupKyKS8IDh4z48pLhs3,human,NLPGSuLn3VhsK7d5myVBSTX651t2,2026-03-16T17:56:11.171Z,80,80,80
KfJwyhY0wgXgN2kdflZN,baseline,lwsRd2wjVXhhcqsIo0pENNLdJlH3,2026-09-22T13:32:51.875Z,,80,
KjQS8d6gEIkcpO5qzoC8,baseline,d44Bd9RgbENbFMNYqmg2ZhMgDfL2,2026-09-21T21:52:11.906Z,,80,
KoXGwGC1UOFH8cHUpcJl,baseline,i4Gw9qKUDkXgFRkAEhW4QODtQVW2,2026-09-13T16:00:38.154Z,,80,
KsMJTT0MaYHdiKDkI9yr,ai_agent,ScQyO3YXyiWBzv60RWVIXQVtcXQ2,2026-09-13T01:53:02.199Z,,80,
Kvfi5A9RfSU8q2QqJEKH,baseline,gYHCTGdg65RPUw8f1scoigN3iAu2,2026-09-22T20:28:49.601Z,,80,
L8zKKLlI6YvU4zu56oGq,ai_agent,uiP10vdcMAXvEIHVBThdJ26OaYr1,2026-09-12T09:04:49.893Z,,80,
LLb3dfTKNQywvZcqXa3c,ai_agent,kcFKZW5O0iYYFe8elyctEvsheJl2,2026-09-12T08:22:27.018Z,,80,
LLeBsoIpNSMV5wEkhnuj,baseline,Ar9TRr8o8uMa5Vs2szvcuWUcZF33,2026-05-27T02:52:35.756Z,,80,
LRZBiIEimBOlXtyUFo9R,baseline,Ar9TRr8o8uMa5Vs2szvcuWUcZF33,2026-05-27T01:03:59.286Z,,80,
LqQzw3zF6RCl98anxKYw,baseline,IHnSVHYKhYSgeQDTfu0a03Uoby22,2026-09-12T02:26:22.859Z,,80,
Lxohin8sQg52V6XUjXdg,baseline,NMMGSdI8J7f8MFW9LdMCAPCGkeC3,2026-09-12T19:22:28.601Z,,80,
LyAizCEX7wEcNpv9kCpE,ai_agent,6pqPqMhrYhSBoIoVKSy6aWx89MW2,2026-09-21T11:54:10.965Z,,80,
M4G1zj6UFTKNNP8MTi0k,baseline,pwNey4JjAoc0VPkZc0ShstEkwkv2,2026-05-26T22:18:34.876Z,,80,
M7N8aeDjOieSbrobyvp4,ai_agent,mdPArBEdgzYdyhSJea8g6fOomBC3,2026-09-21T02:57:33.684Z,,80,
MHULmuljpxYHWlDrpvGw,baseline,xULfIAu3W0MRs4HSuzqv9rodsxi1,2026-08-26T04:33:28.173Z,,80,
MIGGr5suF0rqsrdFfpi3,baseline,W5pAXzNir8fDUZ2M3NYN9KfQQnt2,2026-09-22T19:32:24.354Z,,80,
MNHVhR7Jwys5DcAyXcEs,baseline,PxD6Jy3HbqbboJhkcrkwmTYD2qg1,2026-05-26T13:54:37.798Z,,80,
MabIS3mGN2HSG3MV5s5a,baseline,1wF3kyg2CeM3t3oj7yBaOETMBP13,2026-08-26T06:40:55.157Z,,80,
MmfTxqWCeQQsuXT85jiq,baseline,jshUxN0IuGSyo82jKB4pbtlMW122,2026-09-21T06:57:47.741Z,,80,
MqL4tVUWhM4BlbUpXdSU,ai_agent,OvUriGmiImUWGaI3Yyrh90JXVgw1,2026-09-20T18:34:15.857Z,,80,
N5huX8twenBDJZuUTknl,baseline,pwNey4JjAoc0VPkZc0ShstEkwkv2,2026-05-26T23:44:23.652Z,,80,
NClCcCrQoAHR7K5aJli9,ai_agent,6o9HYqUVKHdfwH14GTx8dvvR8IB2,2026-09-12T10:59:10.302Z,,80,
NLPnw4TX63LcTRo6Vz2v,baseline,aYQL5LQbYUfvmcahficaM6fz2032,2026-05-26T03:00:08.694Z,,80,
NURiyjGR9i6gXY2TpMzy,baseline,KCEN45SAjmdqJZr6scHMQ6Fbmpj2,2026-09-18T23:31:37.572Z,,80,
Nu2UVqV4T8P0zrmN56Yi,ai_agent,bTgkNJHjwsf45jxlbm5jmza3ZQc2,2026-09-13T13:51:32.273Z,,80,
NuEMnrwFibScUuEebjvE,baseline,DlYIuy4sl9fKRnZ7YQhb8lkKFfs1,2026-09-22T04:42:50.277Z,,80,
NzmfEpS6ThdVBtEiBp39,baseline,HuIwDzbx4kQgvDp6TwMhwgecnIb2,2026-09-21T21:24:04.880Z,,80,
O2b0b16nHZAqr1ABiEHX,baseline,4LCM2R5aLpgMpCN5GPgDimuKzpz1,2026-09-19T16:36:36.393Z,,80,
O4d4drKh8YAkAfdZtv1J,baseline,mYCpxz9BWsNuEw1d9PQjlXI3FDN2,2026-09-13T10:02:21.066Z,,80,
O4tZzv1JeG2729ahI6BD,baseline,isqjeMgc7AdWDpoCWwxQ0kZl7mq1,2026-09-21T01:17:11.447Z,,80,
OCRcHQWitAE1iQwDaWw8,baseline,prglOygnKKTOFY2OJMnS16N1Ekx1,2026-09-22T15:10:35.946Z,,80,
OLhkkkFSXbWS6lcfuA2U,baseline,eBEYGDlsxPMYbN8oAB7PqtEncKz1,2026-08-26T05:33:26.871Z,,80,
ObuLIX7ET51gk3sVDPX5,ai_agent,X3W8lih5kpXsSi2cOtBcq9x7x943,2026-09-13T04:34:46.258Z,,80,
Oc5514IK1fXkxdQstBO6,baseline,WLqGhuWwYaQyXvBVj8Pzdd7SRx23,2026-09-22T21:23:42.697Z,,80,
OeXVv40AKI8hVoBIarmE,baseline,HsYIjxFl19V6gi77ePCLzsNhPDg2,2026-08-26T03:04:41.790Z,,80,
OgEvxzM9e1IvzcPue3rL,baseline,igzEdYJAh6bGDYOwGHhtlz9aQjd2,2026-08-26T05:05:19.501Z,,80,
Oq2bRuhnjrxnjw1qhsVT,baseline,nnPFCfUIQtdJ7gV4surKgQRrJJj2,2026-09-22T08:44:21.236Z,,80,
Ox3EbtgDx98OQenp0rVm,human,aYQL5LQbYUfvmcahficaM6fz2032,2026-05-25T16:40:03.522Z,,80,
PBtOp00KAmYbhO8PVoIi,human,K0ZprKuHXXhVVSphgJ3o6TpTsHf2,2026-04-10T08:51:13.132Z,,80,
PHdCPlTbKAY90B8ypuNq,ai_agent,tP2tdVODP7eqVJUPMxWZOeTOeFV2,2026-09-22T23:41:56.361Z,,80,
PKndeeNW6f1scuYbui4E,ai_agent,5x1opaTQ76XLmR1w9n7PWPRa8Zn1,2026-03-12T20:02:17.633Z,80,80,80
PMSe6fLleEKyuE1rHSaP,baseline,IIvZh9L0Svb4eNLsa9LXeFYub9g2,2026-09-13T07:05:42.809Z,,80,
PU8LR7l3JddLaYk6PWjM,baseline,IH6GQpj4uORCdKeTCAeLX1Lo08f1,2026-09-22T01:51:00.924Z,,80,
Pa7RZ3n4OQaPR55Ykf02,baseline,aTbvzP2IqAZloKZJShRSUpijaNG3,2026-09-23T22:28:56.183Z,80,80,80
PfkdNGu5dMyKhlgmCdhe,baseline,YWCd2CiZysYms0cYDQ48CDuOD9h2,2026-09-22T09:20:39.640Z,,80,
PghLT59neH9N83JcibSj,human,v7vrmX8RR9RzriTAByWMsj1TCbt1,2026-03-21T18:15:54.467Z,,80,
PlHSiX5iamhfGQhTix4Z,ai_agent,jkUqEPWeuCXXnE5whtMGdIpUm5y1,2026-03-12T19:40:11.777Z,,80,
Pv35CPifYQobsSQhOqmM,human,7CjD2CPKlvUzXMcZZprjVEBGcBm1,2026-04-12T12:22:46.647Z,,80,
PzUT9hhT81rG15lcJl1D,baseline,q908UHInOWM5UVyhflegrc54kw62,2026-09-12T06:00:09.660Z,,80,
Q1Q1RBmN3mHBZYZp5XXg,baseline,Skq9eF7pJAZEg5PaDkQ0ejnUPa33,2026-08-26T04:48:27.882Z,,80,
Q50rJQBSFNp93NLhPyHw,baseline,YjqkGSPztLXuutjjB7fJ83ESW8o1,2026-09-21T08:22:22.949Z,,80,
Q5tzP5KKRsmALesljD6n,human,03XJhnvMIddSPb7o1xRSXQ4VY1X2,2026-08-24T20:30:25.445Z,,80,
Q8twwLAaJLZNKJNoA5ow,ai_agent,oWQXTgOfaMeKXOPD11TcIB9PGz42,2026-09-12T01:19:34.394Z,,80,
QCyt4KXz9KDWhIZQuGxZ,baseline,lQH2sserE4gV93dVyTox14GKvvl2,2026-09-21T16:52:29.950Z,,80,
QLPf9ETLk8kIeoczbfCe,baseline,pwNey4JjAoc0VPkZc0ShstEkwkv2,2026-05-26T23:14:37.703Z,,80,
QM7IRIQNHjuDMmniZrOm,baseline,G85hYQf82EQjQfcA6IEdqn6koyg1,2026-08-25T22:10:18.313Z,,80,
QNwOpQRFaSxIGvKar7e1,baseline,F5imewAY4Ger9UNutAYewXfenm33,2026-08-26T04:24:05.349Z,,80,
R6Z82bZ0XDbNXGcn3seB,ai_agent,hC04T4spSsN9g7NP9xkCAlHJmzy2,2026-09-22T20:30:12.598Z,,80,
RErCjl2WvPcNBZY8wVp6,ai_agent,Vyk43s7gnJXoiTriqTaRhUCuzVw2,2026-09-20T17:20:05.421Z,,80,
RGk4xUj7dQWUZHae05nw,baseline,4m6gcNTWPRb0Jzyay1mduaCIxOv2,2026-09-21T19:44:16.628Z,,80,
RIupOODCOb07fyRkBZ9F,baseline,SmvkXl21r1hSNqlqwpFXZrtiIln1,2026-05-30T22:03:22.429Z,80,80,80
RJLPpt1J9UrBjDJMhxvE,ai_agent,gYyt23wXrveAmifdlqaMFJgklU63,2026-03-12T00:37:01.313Z,80,80,80
RMwL4NXJA8gU5WjimrgO,baseline,5zQ07J7itEcN9TCRhcUq66UhMl42,2026-09-23T00:02:23.917Z,,80,
RN4LyTaEgcQLhMThHHVB,baseline,IyXtHwARFgQx1ijfdbqdiPoENwQ2,2026-09-19T16:45:53.758Z,,80,
RNarf8vcCMiD1fwJZr9C,ai_agent,BiNh9WVeCkUYOuklgjm2MywdoP92,2026-09-13T16:01:53.810Z,,80,
RbqJsmegGl5UTEAyDGY8,ai_agent,cSPgbhvDiXO675FGYUNtFJT7aEw1,2026-09-12T13:38:53.656Z,,80,
RddRTiElrQVbgTCw0XMt,baseline,fviGxJkWl0YhqR5kx6idungcOzE3,2026-09-21T20:33:51.493Z,,80,
RjVzLC7H2HRUMmn4BNV4,baseline,sep7JdKOIoZut04ZUdSPi9T3Zgy1,2026-09-13T13:50:15.966Z,,80,
Rlx8RfKT9w86InuGGDRC,baseline,SALfaPgxXEN306l5WuXwC4qYP4d2,2026-09-13T20:35:38.709Z,,80,
RmKtTAENq7vSNswAnZ0s,baseline,GLZCjTJfRNaeZtDIvC4QHq3XUM93,2026-08-26T07:09:02.160Z,,80,
RyO4tYkGkguLXiBKmAjZ,baseline,kYnG6eW61WO5BFu1X24QBaPU3nf2,2026-05-29T19:19:14.989Z,80,80,80
RzT4UetKNuYNTNoalSIQ,baseline,nPvQaMSII3OWrKWNdGMzDeknE9k1,2026-08-26T05:29:41.765Z,,80,
S3mzRFphPCgm7Crypq0d,ai_agent,wp0rj4e8d9T1gTVX5CqmybTGzcy1,2026-09-19T00:47:23.716Z,,80,
SCK2dapocNCjY4v6BlzO,baseline,VDXQM4upi9TORppp5Dw49Df4OPO2,2026-08-26T05:39:04.132Z,,80,
SD3luFx2FffaFn0NHpdb,baseline,22N3mNLXHKUUOlwf8gwXFaVx5yP2,2026-08-26T06:46:32.314Z,,80,
SOqwRPIBLYbteQzkf8ny,baseline,3V27EnHqZzc2LSOwPOMuCWeae733,2026-08-26T04:12:49.758Z,,80,
STaf3sZJB9waTzO1G7jS,baseline,RVnwNVnwljN2PxjZPJfzTQKDCTi2,2026-09-21T17:48:41.555Z,,80,
SXeW3rIsn8D0YxhGDauZ,baseline,n8aaLWahGRfH2TIN75cayihteNn2,2026-08-26T05:46:33.521Z,,80,
SfzQ1uSOrKrAMI4a2ySk,ai_agent,QdalL9NJj1bs2kW3FPvWb4p5dZH3,2026-09-18T20:42:17.347Z,,80,
ShwebEUYsP1juDAdaxEm,human,jaFBRIlWA9O2p6Cn69uel8OEK5G3,2026-04-05T15:43:57.621Z,,80,
So0NYdyt7DaMw4OfGmkd,ai_agent,iDqxXzERaog7XCEN2MpIRyriqbn2,2026-09-21T08:53:12.778Z,,80,
T5gWXmVR8pQWT3WjTCut,baseline,qXQkEKNm9Db4ebkx2B8QREJqY263,2026-08-25T22:31:18.173Z,,80,
TGOk7ciAzLIqaE4njoBE,baseline,1ZnUj8GBH2RUyaNBPBWzmLdQ1hE3,2026-08-26T05:07:12.198Z,,80,
TK1UU6QgowXvb6Kw4h2n,baseline,Uq11eybsSkUb1lnhFkiCzM6XPJB2,2026-08-26T04:59:42.204Z,,80,
TMjkJkQ2a1OjdRUdMS4B,baseline,HsqCkmi4FaOQMxtjknwG5VxiRz32,2026-08-26T05:18:26.757Z,,80,
TS7GZ6z9MSV4gqubAjOk,baseline,OaMuKJmiVufs2X89PHEnjnXNv3y2,2026-09-13T19:46:56.453Z,,80,
TYqWMrLib7sZksZ8IHsf,baseline,FqWogxDVdSbbEcBDS3JHVlgrblI3,2026-09-22T00:15:08.571Z,,80,
TYtyPyXTAI2OvEm9m3HQ,ai_agent,gYyt23wXrveAmifdlqaMFJgklU63,2026-03-12T00:44:24.967Z,80,80,80
TgRONhVY3vsFjUBFgkuV,baseline,G85hYQf82EQjQfcA6IEdqn6koyg1,2026-08-25T22:04:50.848Z,,80,
Towrur0vuDSZcGgGzAyu,ai_agent,ve8JLFRUqCMyPVZ8XMhLEjacM3x1,2026-06-01T20:29:20.214Z,80,80,80
Tt532tp8qXCu4uuEC6gf,baseline,86GAb06HFOdukJowA9H3QeQpO6I2,2026-09-13T12:48:17.239Z,,80,
TySzmuCg1ksqwhoEDhdF,baseline,KFUswBidm8WdWvLqkKzoXFp2r792,2026-08-26T06:22:10.598Z,,80,
UF0kXGjxEojFvMT75V8L,ai_agent,SQFks8NealbyinhM34V9QVyFJMS2,2026-09-21T10:17:50.690Z,,80,
UPbwvaavypDl9QteOmUG,baseline,yJX5QrE8hSY6rKwux3JITzgXYZh1,2026-09-22T11:29:25.869Z,,80,
UQMdsA5hiRUFJkhmLw2L,human,YPPx1tgbwbQdcLUEArbscBukVth1,2026-03-02T21:01:46.588Z,80,80,80
UYhaKSmpY9brF4ViXX7N,baseline,yiMu2J3ryNQWfAPR5tFIjtXIuvH2,2026-08-26T05:50:18.602Z,,80,
UnevXH6gejel09Fjt4eI,baseline,Ar9TRr8o8uMa5Vs2szvcuWUcZF33,2026-05-27T03:12:36.337Z,,80,
Ut8XXGckxo23ophnPhmo,baseline,8jAdS440iJdZOs6xT7bDzx7ulV12,2026-08-26T02:59:31.460Z,,80,
V5l4dSgtwmCiGt7WTjy9,baseline,ok7A8qfLsmOgAQUKcd9V2jqyRB93,2026-08-26T06:20:18.265Z,,80,
VBH2SVlaNsFPJSEg1Rwt,ai_agent,3zJQb9zknSXtHTGRHIMhGmvrMA63,2026-05-31T22:54:47.508Z,80,80,80
VDcZLwIurlPF2KyTmJtw,baseline,3sIExBUEFlRKt86gYYlN56sVdsd2,2026-08-26T04:57:49.859Z,,80,
VhBN9g7V8kz651sp1GOc,baseline,zLPZvWBox9SGIYxx6jGO0pFjx8D3,2026-09-21T15:43:42.585Z,,80,
VofFvKllKvVcBCwqCUWI,baseline,Ar9TRr8o8uMa5Vs2szvcuWUcZF33,2026-05-27T00:57:31.295Z,,80,
Vr8Z7DFMvpGHPQGQvdDq,ai_agent,Gq9k8aC6nfT39yQtiHnEOVlrVnY2,2026-09-12T18:49:22.812Z,,80,
VuduRj6om3XnJbrAU5sp,ai_agent,aeqehLaUXodfDKsuOkDgjfz9Aij1,2026-09-21T12:44:35.076Z,,80,
VyjR1qkwmWL8A76uzABs,baseline,RdLt8vgxV4TCfbYEWreDmNu4nGh2,2026-08-26T06:09:03.147Z,,80,
W1XnXubGxh08rGNDzAbb,baseline,pwNey4JjAoc0VPkZc0ShstEkwkv2,2026-05-26T23:30:13.396Z,,80,
WDrQ6CredkFRCkXS9qss,ai_agent,TkL5lUMxIiaWiTKl58Zzj8arRua2,2026-09-21T10:45:31.198Z,,80,
WGBAcA38yri5ifWaDfAz,baseline,AmfHB75LyLZ3mMOnMakt9miKkwq2,2026-09-21T01:48:12.989Z,,80,
WOHG2FnCnHqLNOVv1ugm,baseline,HnPExG4n0SN3SEd8TcJu0xv4PAt1,2026-09-22T08:10:23.180Z,,80,
WRWgmJsz49u798zP3Vbe,ai_agent,5x1opaTQ76XLmR1w9n7PWPRa8Zn1,2026-03-12T20:08:43.030Z,80,80,80
WT2C2LwPZLXrABzAsJTH,ai_agent,17eyw8yFzHNJZ4qmQzJqUIYtTKo1,2026-09-20T18:01:01.107Z,,80,
WWlP3xrz6XcO9qQPlrOu,baseline,rOPGDxtDaBP0ubWPjOodtJKOBx13,2026-08-26T06:12:48.052Z,,80,
WZwlJ0ZT5sSiE4uolBPs,baseline,G85hYQf82EQjQfcA6IEdqn6koyg1,2026-08-25T22:13:06.324Z,,80,
Wd1yBjpFAIwv1rue08kp,baseline,8meDYnLQQEeo3z5Ai1OoW0OQxvy2,2026-09-20T20:20:11.609Z,,80,
Wici5CyGEElX8AWhSDRS,baseline,CXtxnqPalQODJJ5RJ1qNJbzpvp02,2026-09-13T21:04:24.819Z,,80,
Wmup737528lLYokn1BqW,ai_agent,yCS1H6rEzsMfJ3rS3NSY2X43P3D3,2026-09-13T22:34:53.876Z,,80,
X1SyAF7yajXmLLGFiAhO,ai_agent,2kSBE54MNmeKlQszfxqnRUGz5If2,2026-09-12T22:20:24.520Z,,80,
XA3PthWhXXfS6Wc6Ob7h,baseline,EcsrEgRQkqQW3POYC00QsNBDs803,2026-08-26T05:16:39.239Z,,80,
XERphD7T2WLjEtnjQPwE,baseline,wfHsHzuwdcbPqz8zVNoqnsvkRXC3,2026-09-12T07:42:37.740Z,,80,
XGB6cgL6vU6ZzabAcnCv,baseline,y2XD8BrAtIQoMZ8zGMvBKqsxvng1,2026-09-22T22:58:26.863Z,,80,
XaSnKOoOFlqew7agA6E2,ai_agent,MW5fJKWgKbM2BxwdFUi7R2HXvfz1,2026-09-13T08:05:11.343Z,,80,
XadMS9UFo66GKxNvGEem,baseline,4upXPge3J5aZTUtwMQbKlc4kJqq2,2026-05-26T04:12:21.235Z,,80,
Xd6ClkMSF63o5XFNvRpe,baseline,rPzKCr0s15REucTMBVuFKhw8KZ83,2026-09-21T08:51:55.939Z,,80,
Y5wOqQ3QMBWKDL0IwKd3,baseline,FHVJvIdse5bfJcQmxvcuSGB9IZb2,2026-08-26T06:24:02.874Z,,80,
YAr6uFLPLAkqCxxmnFUW,baseline,pKpXL2e58GM50DM9scVynIwdYqs2,2026-08-26T04:31:35.455Z,,80,
YEaf9aXEUVToJknQrdl8,ai_agent,Gq8gyiw7EFZsGtYJsa86oFhYp6n1,2026-09-11T23:32:16.756Z,,80,
YGrH6mF2uMpKOxNPucvO,baseline,0PbJ5nnlHnVmgaPQIs0X7pUaPvC2,2026-09-20T22:03:15.289Z,,80,
YHeG2McCvqGn20YLOTPA,ai_agent,8al21ivGAPNtQAvmKm7lwHgbo5V2,2026-09-18T21:48:19.330Z,,80,
YPvkwVhDrlxFvQjqp5hq,baseline,sANw8ju5t6Nz283Hx1i3Yf9Qqjw2,2026-05-26T21:21:39.488Z,,80,
YYpq1zxhD9mfGZcUIPCw,baseline,rFIq9OOKPhMQiIdm66w3YtzAY3v2,2026-08-26T04:29:42.975Z,,80,
YmHAhpsnjhwrEDp687yk,baseline,Q8mWRiLGIBhuaVQAYBHelSdpijG3,2026-09-19T04:26:20.299Z,,80,
YzEPnqYDUHux3jjpTZ6G,baseline,QLsgfFQAEsfkWpQIVTfulQsKTky1,2026-09-12T00:07:37.983Z,,80,
Z9c8iT9tR3syi6WOC0Fa,baseline,pwNey4JjAoc0VPkZc0ShstEkwkv2,2026-05-26T23:27:04.513Z,,80,
ZBtTANcldhAxOUTuNNsw,ai_agent,5x1opaTQ76XLmR1w9n7PWPRa8Zn1,2026-03-12T20:14:44.077Z,80,80,80
ZDQJt0sWTIEr6DG557fk,baseline,Tf6EdOzQERZqQKN1xP6sOZo9b2p1,2026-08-26T06:07:10.709Z,,80,
ZEgGdw9q56a9d4QrzGqi,ai_agent,YFaNU7b2ADZ54qY9fub1gpmstxX2,2026-09-21T01:49:24.193Z,,80,
ZGmXomUJuKZD2c8UKC6J,ai_agent,OD1KF1rEA8QeAbIWM0UtSezFvuJ3,2026-09-12T10:19:04.529Z,,80,
ZWtzTnCjLKcloeeej4NN,baseline,6uPYM3BnzZMYD9cqu4t99yOXQXh1,2026-05-28T01:18:04.055Z,80,80,80
ZaEQJyDHX20uWRojzhDH,baseline,LEn3Cy5xiXfpVsFsOrAZRc0MhzK2,2026-09-21T03:26:39.143Z,,80,
Zegvpy0WdLBfePBvcPwH,baseline,7YPrdLrgh3Ufip5uvjNw2gSxeka2,2026-09-12T06:32:31.077Z,,80,
a1EzuuRPNrR3WWxs3bG9,baseline,XbfOqTmJz3c4otRl7eti6r7zM1u2,2026-08-26T05:54:03.356Z,,80,
a6H7dw2qCOnlvWGH1HRe,baseline,xfcN7rLzlUNWBA9dH6ea8ZnG7Mg2,2026-09-11T23:31:03.590Z,,80,
a72apIuSb4zoSihrZPzg,baseline,HKDXTvVYwsVO5XpLsELIdBC7ZPB2,2026-09-20T19:13:44.771Z,,80,
a8cyVA2YtbFNVLypkBk7,baseline,43ICluo8YMPcPOAFTaBqkq9myfr1,2026-09-22T17:55:48.081Z,,80,
aA1QepJbM9EmbmMIX6Kg,baseline,vbKI80EnG2Vew6292KZk7V9R7iA3,2026-09-12T04:48:56.336Z,,80,
aD1RISYHI9y5GGGfq9mZ,baseline,nSmKpEOhfhXFh6jYgE8YvO9c5WY2,2026-08-26T05:22:11.538Z,,80,
aFImFPIq9Lu7yQ44Lb60,baseline,4upXPge3J5aZTUtwMQbKlc4kJqq2,2026-05-26T04:24:51.601Z,,80,
aI3gKXMdfsx7hDk0ilyA,ai_agent,snoaI3owEKUq1H4G0qNlxPEn6022,2026-09-19T16:38:14.602Z,,80,
aNBnIT6HaPmHRX9Xk1Eg,baseline,NNvLA6qtzCQmbiUHwcMBBQkDrJH2,2026-09-22T10:30:17.015Z,,80,
aP0gsIis6jJ7DNjgPTYp,ai_agent,z5KoKv1mQnR5UeXjbdNh3agDraV2,2026-09-21T06:59:01.115Z,,80,
aPMMSfntv7mVhOuImAJn,baseline,oBU3CxIIYNe5NqzVJfMwymCbrd03,2026-08-26T06:50:17.006Z,,80,
aTDQjZEwWdQjlypKDzLb,ai_agent,W8wfpTFhZFRGgTi9S7kokeUq3eQ2,2026-09-12T15:56:04.013Z,,80,
aU2HkW2E5MqEXEJ9zu4E,baseline,K3fFZNiig5Z3laA6ccFV83sRQWM2,2026-08-26T04:40:57.802Z,,80,
aiXV2Ls3Y11cQWIRdkM6,baseline,SmvkXl21r1hSNqlqwpFXZrtiIln1,2026-05-30T21:55:38.423Z,80,80,80
anyyViMw5OFOfebWAoQq,baseline,M3c5dpPOkAallYK4htQMuImXFoI3,2026-09-22T07:30:51.876Z,,80,
aw1ky3j8QTQUEpmy8b4D,baseline,pGBEA6f757QKK7RslXVI6jxTGYU2,2026-09-22T14:33:14.260Z,,80,
bBBWuRbKaP0DuuNeUdhY,baseline,sANw8ju5t6Nz283Hx1i3Yf9Qqjw2,2026-05-26T21:32:53.428Z,,80,
bBS2QLFSIpKp9J5Tz1rl,baseline,kYnG6eW61WO5BFu1X24QBaPU3nf2,2026-05-29T19:08:39.339Z,80,80,80
bX2aJKbApTWoFrCGsA46,baseline,GF0CZujgGEORxECBj7XKwaV0Em63,2026-08-26T07:05:17.121Z,,80,
bXrXttG21dO0uXisyC3V,baseline,7SNo9iNPCecTBEeIXJLQZfxth623,2026-08-26T06:18:25.596Z,,80,
bf8OpL0FFzhRN68mu9NH,baseline,GpzH64G1CQgkNuYTWoUOzii5cua2,2026-08-26T05:03:27.244Z,,80,
bt5Cv9kjQmBNl7JZorBB,baseline,8kbVsr2zZ3S10xqSxsZxMeqhXA43,2026-09-21T21:06:41.104Z,,80,
cBZ3a7MFF6aNXlYwQBIS,baseline,9LR4iH4eqcZvE3roBKjzp8vjjfv1,2026-09-22T06:44:09.511Z,,80,
cl8oj0vM4a9QZVI0U1Z8,baseline,uOni2Auvj2VeVahXt9EXJtYk5IA3,2026-09-11T20:20:35.370Z,,80,
crlstvjz6Rny0Q0oXoXM,ai_agent,ve8JLFRUqCMyPVZ8XMhLEjacM3x1,2026-06-01T20:32:12.627Z,80,80,80
cvq7IvDwSbMYpCpSnZFm,baseline,pwNey4JjAoc0VPkZc0ShstEkwkv2,2026-05-26T23:50:42.568Z,,80,
cw6TdpH5pVYvtxc44sXy,baseline,jdlRhbh8b9g7KmhfL6sCKcwtDOy2,2026-09-20T23:34:40.779Z,,80,
dfom5DumTGqpnBrUDYe2,baseline,PLiQyoSoqfS4XHNObNCDRqA9Ne53,2026-09-12T16:46:10.872Z,,80,
dvL8AmwMPxru3RiyvFXJ,baseline,VM43LM8lBkaC6udB28Dc5LbPfP02,2026-08-26T04:44:42.930Z,,80,
eF4WdynDCRUfva09ZQaR,baseline,uuAIsMNacjhqxfj3iaeE9m6yw4A3,2026-08-26T06:16:33.242Z,,80,
eJqSyMUDjFOddvNkXadv,baseline,ORAwRWXq6yaUSCLAcuimwejXDBk2,2026-08-26T05:09:04.479Z,,80,
eSzzgjnVp1XilLM9z9O9,baseline,d0ImA4rdbxM3Hw83aGgMCC9sJTl1,2026-09-23T21:46:49.095Z,80,80,80
eUzxLfGFOXteKWArChmw,baseline,sANw8ju5t6Nz283Hx1i3Yf9Qqjw2,2026-05-26T21:27:16.432Z,,80,
edagnU23eFZgwvfB3HB4,ai_agent,tjsKe2lbkiRxGIQArz0kdIOGixr1,2026-09-13T12:07:19.558Z,,80,
ehj4YemgaFe10Y7eS8xp,baseline,ueR5iLORXTUweS66yvPSSG5uwhD3,2026-09-13T21:39:28.535Z,,80,
emLgNb5V4GtiLVc4nfcr,baseline,MgF1MyzVDqOOOt7WW5j7dhSuPn23,2026-08-26T06:29:40.477Z,,80,
esDQ4eRVqycJWSLiW81N,human,BbqfPSNh4RVJkCrF7SJha0QqWH43,2026-04-13T12:52:21.134Z,,80,
ex2yrVxLBpj1PXDIQ0Bo,ai_agent,nRb9wXRXd1cL7RSw4mO1PqwokQs1,2026-09-18T22:33:36.655Z,,80,
fEgViF60LSaKv7CILTbf,baseline,ByNaT1RzVrhIPVbJPZfeIyg5N4B2,2026-09-22T03:49:32.406Z,,80,
fKatwjrRigVlVPKV4Z35,baseline,sANw8ju5t6Nz283Hx1i3Yf9Qqjw2,2026-05-26T21:16:03.968Z,,80,
fR4fqlYJ4Wb3VBkxpCRF,baseline,tQZGA9QfuHRIYLyJ9RwkUbIjXLu1,2026-08-26T04:52:12.616Z,,80,
g1TRN2JKhWvMHZ15iuqv,baseline,98F2AixwlbOFkV9hFFtcmuM5mZ02,2026-09-13T02:44:53.207Z,,80,
g43cpSFqiswutVqAPKd5,baseline,9i9BTr2lnUMrzjzGKoT47W67xfQ2,2026-08-26T04:25:57.867Z,,80,
g68mkCeTWc1ydnYmKWLi,ai_agent,cOyf0s986qgBK9qhas8e2qYiyPy1,2026-09-12T05:29:19.931Z,,80,
gBfJeuJRMEUW0LmpS3HL,ai_agent,u14XfBBy7mUvW0soNUuwleW3VrD3,2026-05-31T19:24:29.779Z,,80,
gGzLG5QT3bNzSlERBXBh,ai_agent,iL7nYOtvrMftEP9c6nlld3xY1j72,2026-09-13T21:41:04.524Z,,80,
gNICpHbMdYETVfei1TPr,baseline,c046IN31x9Sk3BOETVHG2Wqcoos1,2026-09-22T18:34:33.386Z,,80,
gQJGtHzO9mnbqTym0uJ7,baseline,dClgApDdmSXSc9115XX17dQfJfJ2,2026-08-26T06:55:54.550Z,,80,
gehRsMQbfltoh8Alg86E,ai_agent,Pcv9DAQoIhhMw3u4mJyI2tkMo1K3,2026-09-13T11:19:24.558Z,,80,
guCr8LfZybcv8pY9aBuD,baseline,Ej0ClAq0ViTIfBPsHst1xg44wXk2,2026-08-26T06:25:55.446Z,,80,
gzIJvAGamWFnE0zvlrQt,baseline,Qkqiit5yvmSDNSWTzPlTHxSQNVF3,2026-09-20T18:33:00.747Z,,80,
gzTH1NZqPfnYUIZAtQrE,baseline,Z7yhM9H47OY2Q1CZzTimcLwL6tO2,2026-08-26T06:39:02.419Z,,80,
hASrf5sHC1n6zQuXP41b,baseline,FGXnAKDcwqbjDWMl2cwfbDbYUr42,2026-09-22T06:29:46.671Z,,80,
hAXH7ZojvrTQOajSMSWm,baseline,aYQL5LQbYUfvmcahficaM6fz2032,2026-05-26T02:49:00.947Z,,80,
hFsmGEexPSwjjZLTHHJO,baseline,g3Ylxk3SRkZMCl7ysBzdGgGtTGy1,2026-08-26T05:37:11.657Z,,80,
hJlhwdymX5EhJ83cCVhf,baseline,sANw8ju5t6Nz283Hx1i3Yf9Qqjw2,2026-05-26T21:10:26.549Z,,80,
hPU4blGgtJY9kZxuHp5v,baseline,Dl17geUxFKfPomclzi2cR8DLpza2,2026-08-26T05:57:48.459Z,,80,
hgykezrXGedYDYuZNlbQ,ai_agent,nIKMuWutUDVlQjouSlsUVIJlZsy2,2026-09-22T22:13:00.309Z,,80,
htBFN2zuKbkW7kJ9nFaf,baseline,1CoiXQ9Zj4Vsk0JWVrR0j3InOMg1,2026-08-26T04:22:12.815Z,,80,
i1GNaE0j3ekW5l8kTZkf,human,v7vrmX8RR9RzriTAByWMsj1TCbt1,2026-03-16T18:09:11.794Z,80,80,80
i7kquILRNDKan6UVarxz,baseline,cj0gwBZtEpZtDwNP0PBJfEFt3rN2,2026-08-26T06:42:47.596Z,,80,
iBolSKW3CfKhRcqdHjZ0,human,NLPGSuLn3VhsK7d5myVBSTX651t2,2026-03-16T18:05:48.532Z,80,80,80
iD2FlPBWM2Xp69pFQx8y,baseline,g4irRZhI3YaPnNPZg6oM7RI6W0a2,2026-08-26T03:03:52.649Z,,80,
iE8U4UPSrKj9RaIXjFlH,baseline,OoKwvzL22jNRM0I6EHeN12nhb1j2,2026-09-21T18:30:33.534Z,,80,
iEE6APA5oUC7XlzrWmCG,ai_agent,gYyt23wXrveAmifdlqaMFJgklU63,2026-03-12T00:51:41.221Z,80,80,80
iHHPmpSTQEIb8ZKbZzHa,ai_agent,tWN8OrHa41dCTA4OhjAn7iybrrH2,2026-09-12T19:23:43.206Z,,80,
iJixSMrrFnlD79DlBhE6,baseline,aLCLqQvG11bgUE62j3Sw6DlDjIr1,2026-09-13T08:42:44.803Z,,80,
iKmvACzkM8qF2iH1bDK0,baseline,pwNey4JjAoc0VPkZc0ShstEkwkv2,2026-05-26T23:23:54.959Z,,80,
iOAg9sa58EtsQWEY5z0v,baseline,J6vDz3MEGJTa2H4fTYEdcLFOXY03,2026-09-23T22:49:18.290Z,80,80,80
iRDL7dptFjoxNfqk3YtU,ai_agent,EhW3xrCQRXNs5HYUJeqPJST4J392,2026-09-13T20:36:59.358Z,,80,
iZxQivpl53IueBOGvEPB,baseline,Nakk9vzVGpUR99WthII6NJmShGp1,2026-08-26T06:52:09.863Z,,80,
idjkwBswfse3ZqYNUKbh,ai_agent,Zrayvi468kOlTsmtmNM2N5ZTak23,2026-09-19T04:27:54.513Z,,80,
in390TAt8NPnTl30H8Xu,baseline,RKMw66Xx5RTJ0DAlDlnlf7scl9H2,2026-08-26T06:14:40.351Z,,80,
inxy5KiiEMz9xvpanliv,ai_agent,0lHCteHCXdUdYDeLJzQvgOMV8Ho2,2026-09-13T19:48:11.949Z,,80,
iw9zCAwNfXD9ImZUUbqb,ai_agent,YJsZnPAvQlUHnql2JWlFgQavmQC2,2026-09-20T15:41:31.744Z,,80,
j0RS8fO6gNAo25h6kBdh,baseline,bdd8KyiDumQ5sFhjx1P9EX11osx1,2026-08-26T04:20:20.189Z,,80,
j1Zg2YzgWJJlsWoLtbul,baseline,6uPYM3BnzZMYD9cqu4t99yOXQXh1,2026-05-28T01:10:30.290Z,80,80,80
j24RpFtiTnGYrmjkFCdg,baseline,sANw8ju5t6Nz283Hx1i3Yf9Qqjw2,2026-05-26T20:15:11.115Z,,80,
jBEI30owMRBCOzGb6M6B,baseline,O9PwKIqI47QxOBWvawf6TKvo7qi2,2026-09-22T10:08:27.636Z,,80,
jGyrINK5FsvTE3EscFqq,baseline,gvQQhcZKyVWwfv36QSJbOsJsNOf1,2026-09-13T17:34:40.663Z,,80,
jIR2O7WTFYiqN3YaMYiL,baseline,QzZt2DvaWPas3oHwacYBewf9ulX2,2026-09-12T13:37:36.439Z,,80,
jNlhOSvt4H8XFu2XCsAA,baseline,Il4wJsX3qlPZ5BsoVXicPaqbPz83,2026-09-21T05:25:43.126Z,,80,
jOTrXL8ueSm55KVDO42A,baseline,BPljt3NJCcTalyxtLsFeywttSIU2,2026-09-21T02:56:14.494Z,,80,
jRYz6IauFWPvjpx6OfMN,baseline,G85hYQf82EQjQfcA6IEdqn6koyg1,2026-08-25T20:56:16.799Z,,80,
jhKPVFzYqsyp6NrYiOhR,ai_agent,pHYBNr1UDWdrRLRfQCcPlGSRYOA2,2026-09-12T14:29:12.848Z,,80,
joerx7PRFTSWZtEP7cfj,baseline,sANw8ju5t6Nz283Hx1i3Yf9Qqjw2,2026-05-26T20:22:00.349Z,,80,
kACf1akXnrAUx72IFg4Z,ai_agent,JSZa9Tv4sjOF7rYJWJya5aTV7y83,2026-09-13T07:06:58.448Z,,80,
kYE8BOHkhlR0KDP3MXXG,baseline,yvcFUl7Gd0ZIOVFlwS624JSWeLB2,2026-09-20T17:59:46.208Z,,80,
kkVNz5GdmlhAS3zPnBuH,human,RSrkU8YdCxNBMszFKmpw7vUjJS52,2026-03-29T14:57:45.627Z,,80,
kycd81O6upUM6wGo1hik,baseline,zejlIkiH8bWKJCO1yHM5hYnPckX2,2026-09-22T19:08:00.280Z,,80,
lCwyfSC6p1voHuhjL3C6,ai_agent,KAAysDcW4GVlereBG2zG3FhJ8iW2,2026-09-20T20:21:25.141Z,,80,
lEwiuTHOpzWw8JO1hF9N,ai_agent,gYyt23wXrveAmifdlqaMFJgklU63,2026-03-12T00:59:00.798Z,80,80,80
lIPis1RxAIekdi2IvUeb,ai_agent,Uv0fI1l2gtculWNjUuvaNaZ9Jhf1,2026-09-20T23:35:54.220Z,,80,
lIyXDWksi9Ev60no2pZK,baseline,ha1rUk66SXgXIg68NMeOgbXc1622,2026-09-12T13:09:56.530Z,,80,
lPb6uuF8IR0niHuAueR7,baseline,pwNey4JjAoc0VPkZc0ShstEkwkv2,2026-05-26T23:47:33.003Z,,80,
lRH10k6b77A9RqYou28f,human,v7vrmX8RR9RzriTAByWMsj1TCbt1,2026-03-21T18:21:20.436Z,,80,
lcCcWODZ9EOXDM34WUIL,baseline,X94yMzUE9gOi17fIrQlyxMVEeFH2,2026-09-13T22:33:36.036Z,,80,
lhejAyzGwdAndDjnmxLO,baseline,OmVjoVNFb6h5Go5lm8ONgeIt4992,2026-09-12T05:28:04.545Z,,80,
lucQaqaD1MDXJ9CXxth0,baseline,4upXPge3J5aZTUtwMQbKlc4kJqq2,2026-05-26T04:18:53.601Z,,80,
m05RnKvChhFWG0TDMfEG,baseline,qXQkEKNm9Db4ebkx2B8QREJqY263,2026-08-25T23:05:00.469Z,,80,
m3XNbHoN50feJDgF9QFi,baseline,WIspWJ0iuEXhkAX7APPZdWkMeny1,2026-08-26T05:20:19.140Z,,80,
mAnqbd9dHLUVOSTbJJqY,baseline,lAdixxmmnqYRXeHDwKkShhwogP33,2026-09-22T14:48:16.105Z,,80,
mBf2nmAGzv8J46ZqSuBy,ai_agent,UnC75VlMFxWivDBZy5owqoAHYdN2,2026-09-21T00:29:46.950Z,,80,
mJ1MdJjsUv8Th3nthw3d,ai_agent,6o7CvRIaD3UbqlmE0ArqMZVbno12,2026-09-21T07:50:09.295Z,,80,
mMOS7x0YKBSwZg005BpS,baseline,JvojEaVnpSZQNayHFmI8Dda42C13,2026-09-22T01:15:44.036Z,,80,
mNUvBj6MK7aVU1Y6Na7k,ai_agent,G4UL1cQayFSSuc1VIOws4fheR353,2026-09-13T09:28:01.403Z,,80,
nKXimqgkK8hLg6afLbon,ai_agent,EmkMEPi7YOhKooi4bzLRtFRVBY12,2026-09-12T02:27:39.384Z,,80,
nY1PjLA9B9r4jzYRzo9K,ai_agent,u14XfBBy7mUvW0soNUuwleW3VrD3,2026-05-31T19:20:45.132Z,,80,
nZGVFGlAc7QuM3rrGZ7S,baseline,IkQH4bQAhvPG9KnY0P1PcNvI8HF2,2026-09-13T08:03:57.617Z,,80,
nlSiKle7hl0hEooDaFeB,baseline,9Jqty2STyvSsmH6qk75haBlSCgQ2,2026-08-26T05:59:41.146Z,,80,
noiMLxpAIKNdhZi85hoh,ai_agent,ETeugIb68nUFB16Mp7IAMFof6R93,2026-09-18T23:33:18.821Z,,80,
nvzQHO4ffCOPLFuhrPMI,baseline,aYQL5LQbYUfvmcahficaM6fz2032,2026-05-26T03:09:44.956Z,,80,
o4jXT1zKJJrkfOosP9XC,ai_agent,3zJQb9zknSXtHTGRHIMhGmvrMA63,2026-05-31T22:38:58.825Z,80,80,80
o5SddNqjIClcbSZCdWwa,baseline,kYnG6eW61WO5BFu1X24QBaPU3nf2,2026-05-29T19:30:21.828Z,80,80,80
oKgXWj6klepxVXMIdZ0N,baseline,hl9hXzU3SNbjZxvtWiZsN3PpZvb2,2026-08-26T06:01:33.507Z,,80,
oLEy8tOn5HZvXsTOdHVk,baseline,8Zb4V7lmv9ZI2UVjrjfwV8HYyHR2,2026-09-12T09:44:16.099Z,,80,
oNImmxyiF3JFAHyMEeJS,baseline,B41bJxdPuhbVz5A1glzpxuYbqd03,2026-09-12T17:34:34.530Z,,80,
ochhX6mosAk0EI27NmeE,baseline,6AZh4UFZ2LQVhJVWP5qbVBgeIMJ2,2026-08-26T07:03:24.703Z,,80,
ogj9Htl6DDSBxLxpFYOU,baseline,JSYWxwXnvjStiTroDcTDV4fLtCa2,2026-09-21T13:40:46.245Z,,80,
oxQHbM1CG0lSgVK4jxW0,ai_agent,rHTgbzMtzWXEkdkUhOHI16Blg0b2,2026-09-11T20:24:53.089Z,,80,
ozYrY7uK5aj2YsoVAHrj,baseline,2Gfa7GDtJocdbVQ9L3UbrfoMG513,2026-09-22T17:21:19.025Z,,80,
p637I1VNeoB2KZBC9EX7,ai_agent,TDfJvrsJpASwAFh4238lQcuQgZI2,2026-09-19T02:20:27.471Z,,80,
p6XXmMY2zAG2IKWvn6Jx,ai_agent,hJKXhgyxMdYMHvwV9RPMVwGHVAr1,2026-09-12T12:10:36.451Z,,80,
pPe191JcwgqkbNwYe2fD,ai_agent,ve8JLFRUqCMyPVZ8XMhLEjacM3x1,2026-06-01T20:26:23.603Z,80,80,80
pRwq65jGbpbXaeZQ6bwX,ai_agent,jYXsy8ya6xMl4Hbp7gle53gtAyP2,2026-09-13T00:00:27.191Z,,80,
pZWIqTGExVUxTGXUiku0,ai_agent,TdhOOfMEfgRhObp9d89pE2RJEWC2,2026-09-12T00:08:57.161Z,,80,
psjJqncvx4eTT3Wf4HvW,baseline,dxELhVl00idQmoHjxMaK4E8qQNN2,2026-08-26T07:12:46.780Z,,80,
q3DBpdZsulGy1nt4m6ls,baseline,1LAAIphZqqfFrMvyYu54PU2e2773,2026-09-22T17:39:29.224Z,,80,
q9ufNYeEJzSLDMIW5lXC,baseline,8IYjQfqyregcw49wKg1pTlBJPbg1,2026-09-13T06:25:30.961Z,,80,
qIWJbsngBJQ6tvmLoiTr,baseline,TKXIuP21SCbXMeWuGsjm6259erF3,2026-09-22T16:06:19.785Z,,80,
qJe2Qj6PWD8Zi3J7EkA5,baseline,sANw8ju5t6Nz283Hx1i3Yf9Qqjw2,2026-05-26T20:25:23.915Z,,80,
qSmYhQcv6rlLhJlSGOm4,baseline,rxfw4uelcxRrgJtmcCC84JKEyXF2,2026-09-13T04:33:31.536Z,,80,
qYDwU4rMpV0ic3fTUo9P,baseline,0uZrfWGMGeNF3UJqe4zwMr0FXb72,2026-09-13T15:04:53.934Z,,80,
qaRPiL5EmgXhnslhyXM3,baseline,JFZP7szHoOfrXQoAEiNion7wTsA3,2026-09-18T22:32:08.508Z,,80,
qdvFMriqrvWw576cdvOa,baseline,gwBmmxNvWcZJThhmk7QLQKlnrWb2,2026-09-12T21:19:43.414Z,,80,
qfiyc2SrVstekSlOQPL7,baseline,y6XgrjaxcnN2ZCze169ch34evLZ2,2026-08-26T05:01:34.706Z,,80,
qgEgpJrPPboe26TaUGf7,ai_agent,FgX2piou3JQsVFNckwAHPwhpGhX2,2026-09-21T09:47:35.092Z,,80,
qukpHvwYP5I3I4sXQPG6,ai_agent,wbnNLwpHygcxCYAKrK5a3vjwjKg2,2026-09-21T06:42:04.261Z,,80,
rHT5UKdw78MvVNMurv8B,baseline,9GQISA0U4ORg8s2EmM5ZD8XMPAG3,2026-09-12T15:09:56.762Z,,80,
rMlEv9Svp80AybxQFfDo,baseline,JOdTaMFGLOXVuz5JB5XmR6CNDvp2,2026-08-26T06:10:55.662Z,,80,
rZLn4LzaoHf0tSqThnFF,ai_agent,ZHKGNiy9kdNj40vvTsfDRlWFlY23,2026-09-12T04:50:16.749Z,,80,
rnUYwW8oAnRk484uqbDT,human,RSrkU8YdCxNBMszFKmpw7vUjJS52,2026-03-25T12:58:06.384Z,,80,
rpQLATfcrgTLCdxSzhgb,baseline,w1fh7HivAHaiRsTpa35TmrsebKN2,2026-09-20T17:18:52.668Z,,80,
rrfNNxzdk4MpRZ50dZfi,baseline,ZQfuVcVbFnN38hxF0FnzPWgcn4f2,2026-08-26T05:12:49.583Z,,80,
ruztcVrRqGM3J8vTbzJX,ai_agent,GXqoBc3rCqWQPFjPDAF2cYVCSkx2,2026-09-20T20:53:06.057Z,,80,
s0INhhCrlv0oGjad9DFU,baseline,YADD4gjgr7PXUebABTUXuMsJY6u2,2026-09-12T15:54:46.845Z,,80,
s6Sy5heD4s9Q5rdgR7YN,ai_agent,gmq6lCqdJMbdV8GeLa9A9ehMd7j2,2026-09-13T01:02:08.832Z,,80,
s8pDbpP51co0Do6O0u2C,baseline,PxD6Jy3HbqbboJhkcrkwmTYD2qg1,2026-05-26T14:01:22.320Z,,80,
s9EnNvUZBpGuIKCgoo9f,baseline,1RItqaRndCeZUW7HTtwWnpDDOid2,2026-08-26T05:14:42.074Z,,80,
sBQmlfBmBKXnKHYEAprh,ai_agent,dom1g0sny5MvfzmokyKi26mu20x1,2026-09-13T05:58:25.643Z,,80,
sMqd4Jh8uXyvIvYI3wQX,human,jaFBRIlWA9O2p6Cn69uel8OEK5G3,2026-04-11T16:28:48.690Z,,80,
sOcq7iq9dSWOoqYaV38m,human,v7vrmX8RR9RzriTAByWMsj1TCbt1,2026-03-16T17:47:36.062Z,80,80,80
sQMvAFpVhCLANdMf1ONX,human,7CjD2CPKlvUzXMcZZprjVEBGcBm1,2026-04-12T12:32:36.316Z,,80,
sYCrBFs1ddpGWubPu2AY,ai_agent,ZHIUcSeAqPZrDieAHN72Fr9BrlD3,2026-09-22T21:24:56.566Z,,80,
sYwVta9iF9pDA6otY0vu,baseline,x527pNkfjhhrcIYVx6OL5dlrq7i1,2026-09-19T10:35:46.090Z,,80,
sl1jx2oJzsN0qGiUFQoE,baseline,84BmCMa8I2QcNseaJ8jE94WpcMv2,2026-08-26T05:31:34.241Z,,80,
snJKcUEdmdGM4WOuuM1u,baseline,Lr9HjNEr69al1u1mXivTkjD9ha42,2026-08-26T06:48:24.806Z,,80,
srAxMo8PBaGvHo0C8fgG,baseline,Ucl7ttidyjgGzOj0CWd06B7iqBG3,2026-09-12T09:03:21.553Z,,80,
svXCkwC3uEQ3DPD5SnlP,baseline,j6VngaKK7qPyovQ1nLXg7fxnfPr1,2026-09-22T03:16:49.806Z,,80,
t7hzeQnzBQKOOQpy9yyl,ai_agent,ztBebMKsingF1SqPtEgn1WADbwG3,2026-09-21T08:23:35.426Z,,80,
tAgNr7ItwDYkuHwvxRbl,baseline,GjPnxMz4cubsaaqnU5hyKtUqGsx2,2026-09-21T16:38:12.909Z,,80,
tDzqcW5g5JzRIL6Sgc8l,baseline,Ar9TRr8o8uMa5Vs2szvcuWUcZF33,2026-05-27T01:17:07.310Z,,80,
tRGDykAyZfuYqUHTIJGO,baseline,7Vb2QNwJlpXW3b8eJ8m4oY4PSrJ2,2026-08-26T06:35:17.570Z,,80,
tVdCr3x2Ur0IAF2PggEl,baseline,EV6igSVdOdOtz4BiqW5QeuF1YKO2,2026-09-21T10:44:17.555Z,,80,
tawqYJbvukX9inG7MfZc,baseline,zbrJsSrfv8hjB8LzsRFCl4VeVTw2,2026-08-26T06:05:18.312Z,,80,
tlxVGoJ83UzI8utzK54Q,baseline,fTffVvmdqhV8oMDfis5eqWEoWfz1,2026-08-26T04:46:35.194Z,,80,
troBJu9s1i2W09YXETYx,baseline,Ls1qcfS5XCW4bBrELMbSabql2td2,2026-08-26T04:27:50.278Z,,80,
uG5PA86kJF2NHyhAzQel,baseline,emzd5JgLVcc5rEYbRgvbuNd8v1b2,2026-09-13T11:18:08.302Z,,80,
uKnSXFIGpBlzFSJLkGmh,baseline,pGx6rqHBEJdq9fxzF6t7OXc5P773,2026-09-12T01:18:17.422Z,,80,
uLboBjG639bBiaB236pg,baseline,G85hYQf82EQjQfcA6IEdqn6koyg1,2026-08-25T20:13:30.446Z,,80,
uc1DcT2nc8jlFsp02FQC,baseline,OQGBOEUdbbTSCPeOuJ3x5nW1R493,2026-09-12T23:08:14.230Z,,80,
uf2cptKfK2Kx3NW1ajqR,ai_agent,IbaJrp2ukSM6u5u7vugrUXnJE6q2,2026-09-21T23:26:24.231Z,,80,
v5GIAI1EV1sPoWV9RIIq,ai_agent,3zJQb9zknSXtHTGRHIMhGmvrMA63,2026-05-31T22:57:34.977Z,80,80,80
v7RxebklzVEUe5j5IcWd,baseline,G85hYQf82EQjQfcA6IEdqn6koyg1,2026-08-25T21:11:57.420Z,,80,
vDmeVOtsFYpHcCN8fHl9,baseline,Ar9TRr8o8uMa5Vs2szvcuWUcZF33,2026-05-27T02:46:03.421Z,,80,
vEqEWoPvRrRx6XRvNmbu,baseline,esBFVvWcHqagyrQfEKgpjD7gCak2,2026-08-26T05:55:55.994Z,,80,
vHD1ICew74V9uZsH4Ost,baseline,Ar9TRr8o8uMa5Vs2szvcuWUcZF33,2026-05-27T00:51:27.287Z,,80,
vPCHcMzUtQHYvq5BooIA,baseline,l8T5reyUb1hPajx5mO9Szg4beUj1,2026-09-21T10:16:37.771Z,,80,
vTz9STAjWYeoxE9va5jO,ai_agent,2Wfh7OaQO1WvERuAo9XCtrDnu853,2026-09-20T16:22:07.442Z,,80,
vVsGXQfoSNFfE3Ff7lKH,baseline,pwNey4JjAoc0VPkZc0ShstEkwkv2,2026-05-26T23:41:14.299Z,,80,
vZ6N0oq6xSJKXmkbfKGQ,baseline,FC7lHH2Pr6Va0Kua4kaklLWbEbu2,2026-09-19T02:18:46.119Z,,80,
vfqahuMIi1f822ck1sVw,baseline,Yp33wmOOfCcGSYIMRy12I6HLdjB2,2026-09-22T15:42:44.629Z,,80,
vvg0odzCekLnggKpJ77h,baseline,JGqUgV0u5jTOI6ExiqKzo08vKEl2,2026-09-22T02:31:49.845Z,,80,
vw9Vzbg7YH0156TmV5Hu,baseline,xtYPmCBoYLYoY0VAYx7se6KQKSZ2,2026-09-13T01:51:44.972Z,,80,
w5tb99ifXySKvE0fNKGX,baseline,P6871KvxV8YHBzpJafGBamWqhZH2,2026-09-12T03:37:10.359Z,,80,
w74828BkliGL4Hwxtkl6,baseline,DI0zAB5zdFMLniZ03z0CzcoU3cx2,2026-09-23T00:43:01.845Z,80,80,80
w8M3lBXae92eS26NEshO,baseline,DYX748JdJCXGOnDQR513iubuFvz2,2026-08-26T04:35:20.417Z,,80,
wUwICcB1GtzDjrImj8B5,baseline,H9WTX3AQ34X2dj1b5u6yiDg3Ujx1,2026-09-21T15:03:08.619Z,,80,
wXmuaAOVyCJ3iQ9CMkp0,baseline,pwNey4JjAoc0VPkZc0ShstEkwkv2,2026-05-26T23:20:34.229Z,,80,
wapkjF4dRKTUzYE7TZh4,baseline,Ar9TRr8o8uMa5Vs2szvcuWUcZF33,2026-05-27T01:10:35.300Z,,80,
wlEGMNmUrDAMKfC6eFGK,baseline,pwNey4JjAoc0VPkZc0ShstEkwkv2,2026-05-26T22:05:05.921Z,,80,
xRXRwtvA8DgUEu12eCDs,baseline,StMwHef0P2N69UElxIQChddSkiy1,2026-09-22T05:36:00.150Z,,80,
xYCUOSC3RRrRY4TBB411,baseline,7ZDSFTGccDcBb8AEZHmm4ZoiqMp1,2026-09-22T13:04:10.255Z,,80,
xZQXkA4HFLnZWc9z3l3o,ai_agent,oOEGoeBihsdHtc4rd6zlLuuB4FH3,2026-09-13T06:26:47.049Z,,80,
xmc4MHduUBmuq042NWge,baseline,Ar9TRr8o8uMa5Vs2szvcuWUcZF33,2026-05-27T02:59:35.331Z,,80,
xnSOeOTDDYKapkBHZzRR,baseline,Smh8kOlfHFfLCsNSkSvrulZktzo1,2026-09-21T12:43:19.888Z,,80,
yDe152dta3pogv2QyFbS,human,03XJhnvMIddSPb7o1xRSXQ4VY1X2,2026-08-24T20:49:01.164Z,,80,
yExMVhg5JxNLUvNU21ZJ,baseline,5Fzs18zwGpcgMZXx97EwRIOH3wQ2,2026-09-22T17:02:51.179Z,,80,
yJRnMoGSqd5pHjIqXk1K,baseline,lBMsc9N5WzRs9MTyAvrHWZFT1jF3,2026-09-20T15:37:48.569Z,,80,
ySiqEBg9bdASExBcU6Kb,baseline,5T0GGAQasjNnA3JDG4GVERQjP5Y2,2026-09-22T12:48:39.367Z,,80,
yUjBN3PBJxaGhJ7r7rRb,baseline,embZRJMf7Ndmt4zh4Qgm9BvCJ603,2026-08-26T05:42:48.907Z,,80,
yW7elG8mYqTjQbscb31y,baseline,t6UOTnGMengEm5oWpTwD91AzcxJ3,2026-08-26T04:18:27.866Z,,80,
yWwoqZ53121JSMPSGMxi,baseline,PxD6Jy3HbqbboJhkcrkwmTYD2qg1,2026-05-26T13:47:55.595Z,,80,
ya2MzAxBnu98KuLQUDFe,baseline,9w893Q1N2USRcXiStWmyo6GgIog2,2026-09-12T07:09:52.870Z,,80,
yf10BpjmHyHMiiWn7YXM,baseline,PxD6Jy3HbqbboJhkcrkwmTYD2qg1,2026-05-26T13:57:59.527Z,,80,
yfy4p7uR5eHpEs2cnEaM,baseline,pwNey4JjAoc0VPkZc0ShstEkwkv2,2026-05-26T22:10:41.466Z,,80,
yoH6f5LO5lIz4EWOa6LF,ai_agent,bL7Cnt2ibDT50eA5gZJodhoHeoI2,2026-09-13T02:46:11.330Z,,80,
z28paCboYt8KDCuNkjOF,ai_agent,4X8U2sR7wzNyq2xuXFiWV5CbTiv1,2026-09-12T03:38:29.639Z,,80,
z4WZWpcTsXdvcgoThPbR,ai_agent,kVKp079GsAdI9BMcM8G8oPTwAE93,2026-09-22T19:33:36.209Z,,80,
zSGJsSP60hfYwMLmDQZ4,baseline,Z7f6E3UJyWeIkcyfXPy2Wn65D4I3,2026-09-13T12:06:05.404Z,,80,
zTrML4FbxhYEOhnqHSMS,ai_agent,uqYTNVo1QfMRO4XGPZdaODqvQoD2,2026-09-13T03:59:26.338Z,,80,
zdJpCRTyoob9tewlpuzP,baseline,6b3Yma90M0OzUU5G02vKuB7Y6xg1,2026-09-11T21:10:58.004Z,,80,
ze8GYKAT49zJwwMaugUf,ai_agent,6DxoobeDfWOEuj1G4qD6h6XFHYq1,2026-09-20T19:14:59.292Z,,80,
zge0s0h2ycxZyPrTTmWC,baseline,aYQL5LQbYUfvmcahficaM6fz2032,2026-05-26T03:05:09.544Z,,80,
zlN6joLE0SS40vYEZHBO,baseline,T2CNnPLD7GhevQMoHqM10TrnmU42,2026-09-12T10:17:47.106Z,,80,
zuJUcGUdBWMBuVpTkHrX,ai_agent,d0QD9XVYFefhSWhbO8oU6fhMSGn1,2026-09-22T19:09:17.911Z,,80,
