participant_id,created_at,demographics,runs,has_run
011cjEeUisfuCOOwu0YlTQmIULY2,2025-12-10T17:41:33.240000+00:00,"{'age': 59, 'clarityNow': 4, 'screenTime': 5, 'flow': 'Often', 'psiPossibility': 'I am open to the possibility', 'deepWork': 'Less than 1 hour', 'meditation': 'Yes, daily', 'gender': 'Female', 'diagnosis': 'Not sure / Self-diagnosed', 'scrolling': 'Frequently', 'autism': 'No'}",,
03kRcdKxGGh5DVUeUUK6N5h6pns2,2025-12-18T05:01:19.415000+00:00,"{'age': 19, 'clarityNow': 3, 'screenTime': 3, 'flow': 'Rarely', 'psiPossibility': 'Yes, it is definitely possible', 'deepWork': '1–2 hours', 'meditation': 'Yes, a few times per week', 'gender': 'Female', 'diagnosis': 'No', 'scrolling': 'Sometimes', 'autism': 'No'}",1.0,True
05v1TQZO6wRBq0RmXV1zcTGEwJL2,2025-09-16T04:09:44.101000+00:00,"{'age': '59', 'clarityNow': '3', 'screenTime': '10', 'flow': 'Occasionally', 'deepWork': 'Less than 1 hour', 'meditation': 'Yes, daily', 'gender': 'Female', 'diagnosis': 'Not sure / Self-diagnosed', 'scrolling': 'Frequently', 'autism': 'No'}",1.0,True
0G37Iq3kMxSs2YohGEoNvJvB4Wa2,2025-11-20T23:21:44.006000+00:00,"{'age': 19, 'clarityNow': 7, 'screenTime': 6, 'flow': 'Often', 'deepWork': 'More than 2 hours', 'meditation': 'Occasionally', 'autism': 'No', 'gender': 'Male', 'scrolling': 'Frequently', 'diagnosis': 'No'}",,
0Uy4jAYoaXaujO1V9FWpNT3VTgG3,2025-11-20T23:21:58.077000+00:00,"{'age': 19, 'clarityNow': 7, 'screenTime': 4, 'flow': 'Rarely', 'deepWork': 'Less than 1 hour', 'meditation': 'Rarely or never', 'gender': 'Male', 'diagnosis': 'No', 'scrolling': 'Rarely', 'autism': 'No'}",,
10oYAFrwoZWLayylNPHKg3EeXT42,2025-09-02T01:49:49.061000+00:00,"{'age': '59', 'clarityNow': '5', 'screenTime': '8', 'flow': 'Often', 'deepWork': 'Rarely or never', 'meditation': 'Occasionally', 'gender': 'Female', 'diagnosis': 'Not sure / Self-diagnosed', 'scrolling': 'Frequently'}",,
1D6LpHj2TAap253xhs7PCMS1zuN2,2025-12-26T00:36:31.038000+00:00,"{'age': 28, 'clarityNow': 10, 'screenTime': 8, 'flow': 'Often', 'psiPossibility': 'I am open to the possibility', 'deepWork': 'More than 2 hours', 'meditation': 'Rarely or never', 'gender': 'Female', 'diagnosis': 'No', 'scrolling': 'Frequently', 'autism': 'No'}",,
26UywIVuCkOwqrHBZePS4mc23ud2,2025-12-10T01:00:54.583000+00:00,"{'age': 39, 'clarityNow': 6, 'screenTime': 9, 'flow': 'Often', 'deepWork': 'More than 2 hours', 'meditation': 'Rarely or never', 'gender': 'Female', 'diagnosis': 'No', 'scrolling': 'Sometimes', 'autism': 'No'}",,
2H46jnOUp0Zwn85clG02EpdqHkB3,2025-12-27T21:54:04.365000+00:00,"{'age': 21, 'clarityNow': 4, 'screenTime': 4, 'flow': 'Occasionally', 'psiPossibility': 'I am open to the possibility', 'deepWork': 'Less than 1 hour', 'meditation': 'Occasionally', 'gender': 'Female', 'diagnosis': 'No', 'scrolling': 'Frequently', 'autism': 'No'}",,
2NjVZYVrttWIBeg2kTouNanh5Ah1,2025-12-14T21:52:35.308000+00:00,"{'age': 24, 'clarityNow': 10, 'screenTime': 12, 'flow': 'Often', 'psiPossibility': 'Yes, it is definitely possible', 'deepWork': 'More than 2 hours', 'diagnosis': 'No', 'autism': 'No', 'meditation': 'Yes, daily', 'scrolling': 'Frequently', 'gender': 'Male'}",,
2g178o4X1aR2f5DlWbQDGAlcRLr2,2025-12-29T05:33:56.284000+00:00,"{'age': 23, 'clarityNow': 2, 'screenTime': 4, 'flow': 'Occasionally', 'psiPossibility': 'I am open to the possibility', 'deepWork': '1–2 hours', 'meditation': 'Occasionally', 'gender': 'Female', 'diagnosis': 'No', 'scrolling': 'Rarely', 'autism': 'Yes'}",,
2nmLhK1HLUQiUMWh2LOZUS5viUp1,2025-09-23T00:34:44.883000+00:00,"{'age': 18, 'clarityNow': 2, 'screenTime': 9, 'flow': 'Often', 'deepWork': 'More than 2 hours', 'meditation': 'Yes, daily', 'gender': 'Female', 'autism': 'Not sure / Self-diagnosed', 'scrolling': 'Frequently', 'diagnosis': 'Yes'}",,
3EAbeCN0blPIJC3yCSm8nnqfx6l1,2025-12-19T01:22:04.519000+00:00,"{'age': 38, 'clarityNow': 4, 'screenTime': 2, 'flow': 'Occasionally', 'psiPossibility': 'I am open to the possibility', 'deepWork': '1–2 hours', 'meditation': 'Yes, a few times per week', 'gender': 'Male', 'diagnosis': 'No', 'scrolling': 'Sometimes', 'autism': 'No'}",,
3cdxLuxLhXZUSOGuVYK2xPlEaWn1,2025-08-31T20:55:30.613000+00:00,"{'age': '58', 'clarityNow': '2', 'flow': 'Often', 'deepWork': 'More than 2 hours', 'meditation': 'Occasionally', 'gender': 'Female', 'diagnosis': 'No', 'scrolling': 'Sometimes'}",1.0,True
3qTQC2X13NXShNv8n8ND8rdp0jU2,2025-12-24T13:50:12.825000+00:00,"{'age': 45, 'clarityNow': 8, 'screenTime': 10, 'flow': 'Occasionally', 'psiPossibility': 'No way / Impossible', 'deepWork': 'More than 2 hours', 'meditation': 'Occasionally', 'gender': 'Male', 'diagnosis': 'No', 'scrolling': 'Sometimes', 'autism': 'No'}",,
42URnnLZyAV9qu6EEpyQjUG0iNC2,2025-12-28T16:35:35.057000+00:00,"{'age': 21, 'clarityNow': 5, 'screenTime': 3, 'flow': 'Occasionally', 'psiPossibility': 'I am skeptical', 'deepWork': 'More than 2 hours', 'meditation': 'Rarely or never', 'gender': 'Male', 'diagnosis': 'Not sure / Self-diagnosed', 'scrolling': 'Frequently', 'autism': 'No'}",,
47eADq58ijT3sCzcIsCa4HB3VoE2,2025-12-15T00:25:02.419000+00:00,"{'age': 54, 'clarityNow': 4, 'screenTime': 7, 'flow': 'Occasionally', 'psiPossibility': 'Yes, it is definitely possible', 'deepWork': '1–2 hours', 'meditation': 'Occasionally', 'gender': 'Female', 'diagnosis': 'No', 'scrolling': 'Frequently', 'autism': 'No'}",,
49YaXj0ubINMMhIBWm7HoP2Aw9L2,2025-12-10T13:40:46.742000+00:00,"{'age': 30, 'clarityNow': 7, 'screenTime': 4, 'flow': 'Often', 'deepWork': '1–2 hours', 'meditation': 'Occasionally', 'gender': 'Prefer not to say', 'diagnosis': 'No', 'scrolling': 'Frequently', 'autism': 'No'}",,
4FE30fbOeHV1BsLOm77PKDrgDg13,2025-12-23T14:55:33.212000+00:00,"{'age': 53, 'clarityNow': 7, 'screenTime': 12, 'flow': 'Occasionally', 'psiPossibility': 'Yes, it is definitely possible', 'deepWork': 'More than 2 hours', 'meditation': 'Yes, a few times per week', 'gender': 'Male', 'diagnosis': 'No', 'scrolling': 'Never', 'autism': 'No'}",,
4dIkVs0xKFbZVCwBdxvVBxY5Ix52,2025-10-07T21:16:01.838000+00:00,"{'age': 101, 'clarityNow': 2, 'screenTime': 11, 'flow': 'Rarely', 'deepWork': 'Less than 1 hour', 'meditation': 'Yes, daily', 'gender': 'Female', 'diagnosis': 'Not sure / Self-diagnosed', 'scrolling': 'Frequently', 'autism': 'No'}",,
4fkOou1KRARndAN85xUjWXGMeV22,2025-12-19T11:04:37.282000+00:00,"{'age': 41, 'clarityNow': 10, 'screenTime': 12, 'flow': 'Often', 'psiPossibility': 'Yes, it is definitely possible', 'deepWork': 'More than 2 hours', 'meditation': 'Yes, daily', 'gender': 'Prefer not to say', 'diagnosis': 'Not sure / Self-diagnosed', 'scrolling': 'Sometimes', 'autism': 'No'}",,
4s1SvCkqKxN2vbgfmiuz3VlVIEd2,2025-12-19T07:31:10.371000+00:00,"{'age': 22, 'clarityNow': 7, 'screenTime': 5, 'flow': 'Occasionally', 'psiPossibility': 'I am open to the possibility', 'deepWork': 'More than 2 hours', 'diagnosis': 'Not sure / Self-diagnosed', 'autism': 'Not sure / Self-diagnosed', 'meditation': 'Rarely or never', 'scrolling': 'Frequently', 'gender': 'Male'}",,
5BVUOs1ELVhM42HDWZZwFXSrQEI3,2025-12-10T12:42:54.185000+00:00,"{'age': 55, 'clarityNow': 7, 'screenTime': 2, 'flow': 'Often', 'deepWork': 'Less than 1 hour', 'meditation': 'Occasionally', 'gender': 'Female', 'diagnosis': 'No', 'scrolling': 'Sometimes', 'autism': 'No'}",,
5uQ9ekOU86NccZEGRpjlh0Z3VDg1,2025-10-01T19:03:48.456000+00:00,"{'age': 59, 'clarityNow': 3, 'screenTime': 5, 'flow': 'Occasionally', 'deepWork': 'Less than 1 hour', 'meditation': 'Yes, daily', 'gender': 'Female', 'diagnosis': 'Not sure / Self-diagnosed', 'scrolling': 'Frequently', 'autism': 'No'}",,
7DJjZoMDVVPNQxRgxZf6xKKIzo23,2025-12-24T00:05:47.618000+00:00,"{'age': 45, 'clarityNow': 7, 'screenTime': 9, 'flow': 'Occasionally', 'psiPossibility': 'I am skeptical', 'deepWork': 'More than 2 hours', 'meditation': 'Occasionally', 'gender': 'Male', 'diagnosis': 'No', 'scrolling': 'Sometimes', 'autism': 'No'}",,
7bG7jbAkNUb0Dfp60wj9W0EvLc62,2025-09-07T04:00:51.119000+00:00,"{'age': '57', 'clarityNow': '8', 'screenTime': '10', 'flow': 'Often', 'deepWork': 'More than 2 hours', 'meditation': 'Yes, daily', 'gender': 'Female', 'autism': 'Yes', 'scrolling': 'Frequently', 'diagnosis': 'Yes'}",2.0,True
7t9F2O7DMSZfV8SsCC34SuImbFl2,2025-10-30T16:20:00.166000+00:00,"{'age': '108', 'clarityNow': '9', 'flow': 'Often', 'deepWork': 'More than 2 hours', 'meditation': 'Yes, daily', 'gender': 'Female', 'diagnosis': 'Yes', 'scrolling': 'Frequently', 'autism': 'Yes'}",1.0,True
88Dwn1xyCNgoCf4dqlQwVcG1MZO2,2025-12-09T20:58:14.214000+00:00,"{'age': 22, 'clarityNow': 7, 'screenTime': 6, 'flow': 'Rarely', 'deepWork': 'Rarely or never', 'meditation': 'Rarely or never', 'gender': 'Female', 'diagnosis': 'No', 'scrolling': 'Frequently', 'autism': 'No'}",,
8EVYzQ5b2Ocbv84TChWAb3rwVVk1,2025-12-28T06:58:12.137000+00:00,"{'age': 36, 'clarityNow': 3, 'screenTime': 4, 'flow': 'Rarely', 'psiPossibility': 'Yes, it is definitely possible', 'deepWork': 'Less than 1 hour', 'meditation': 'Occasionally', 'gender': 'Female', 'diagnosis': 'No', 'scrolling': 'Sometimes', 'autism': 'Not sure / Self-diagnosed'}",,
8F8PS4DJDybCeQepz2jyPy0siLW2,2025-12-15T18:09:50.039000+00:00,"{'age': 34, 'clarityNow': 5, 'screenTime': 8, 'flow': 'Often', 'psiPossibility': 'Yes, it is definitely possible', 'deepWork': 'More than 2 hours', 'meditation': 'Occasionally', 'gender': 'Male', 'diagnosis': 'No', 'scrolling': 'Rarely', 'autism': 'Yes'}",,
8UWfHqpXDegsa1wjs6FZ5OBUl7L2,2025-12-20T12:58:36.911000+00:00,"{'age': 29, 'clarityNow': 6, 'screenTime': 2, 'flow': 'Often', 'psiPossibility': 'I am open to the possibility', 'deepWork': '1–2 hours', 'meditation': 'Occasionally', 'gender': 'Female', 'diagnosis': 'No', 'scrolling': 'Sometimes', 'autism': 'No'}",,
9W2xGEIXsgZ9amiiOUtIjBuzd6u2,2025-12-25T12:24:58.674000+00:00,"{'age': 34, 'clarityNow': 6, 'screenTime': 5, 'flow': 'Occasionally', 'psiPossibility': 'Yes, it is definitely possible', 'deepWork': '1–2 hours', 'meditation': 'Yes, a few times per week', 'gender': 'Male', 'diagnosis': 'Yes', 'scrolling': 'Sometimes', 'autism': 'Yes'}",,
9joTCsso5ePvb65JDWD8ncymAeC3,2025-12-22T16:44:45.078000+00:00,"{'age': 26, 'clarityNow': 6, 'screenTime': 9, 'flow': 'Often', 'psiPossibility': 'I am open to the possibility', 'deepWork': '1–2 hours', 'meditation': 'Yes, a few times per week', 'gender': 'Female', 'diagnosis': 'Not sure / Self-diagnosed', 'scrolling': 'Frequently', 'autism': 'Not sure / Self-diagnosed'}",,
9ujsEs28EeVRcQuqpSRCC2DqJIY2,2025-12-09T20:18:43.941000+00:00,"{'age': 39, 'clarityNow': 7, 'screenTime': 5, 'flow': 'Rarely', 'deepWork': 'Less than 1 hour', 'meditation': 'Rarely or never', 'gender': 'Female', 'diagnosis': 'No', 'scrolling': 'Sometimes', 'autism': 'No'}",,
AQgiamiFmgNOlLgvIGtjE0LVITa2,2025-12-15T23:52:42.138000+00:00,"{'age': 32, 'clarityNow': 7, 'screenTime': 4, 'flow': 'Often', 'psiPossibility': 'I am open to the possibility', 'deepWork': '1–2 hours', 'meditation': 'Rarely or never', 'gender': 'Male', 'diagnosis': 'Not sure / Self-diagnosed', 'scrolling': 'Frequently', 'autism': 'No'}",,
Aq2dLPa7cJQg3XGThdhAPjL0VEi2,2025-12-15T13:02:35.612000+00:00,"{'age': 25, 'clarityNow': 7, 'screenTime': 7, 'flow': 'Often', 'psiPossibility': 'Yes, it is definitely possible', 'deepWork': '1–2 hours', 'meditation': 'Yes, a few times per week', 'gender': 'Female', 'diagnosis': 'Yes', 'scrolling': 'Frequently', 'autism': 'Yes'}",,
AuEnmUwHpJNJWHW5ljRLYUt0vGz1,2025-12-15T17:38:32.497000+00:00,"{'age': 22, 'clarityNow': 6, 'screenTime': 5, 'flow': 'Occasionally', 'psiPossibility': 'No way / Impossible', 'deepWork': 'Less than 1 hour', 'meditation': 'Rarely or never', 'gender': 'Female', 'diagnosis': 'No', 'scrolling': 'Sometimes', 'autism': 'No'}",,
AyLVv9vZWwPs0lod8EARGwjvAkT2,2025-12-08T23:45:03.714000+00:00,"{'age': 21, 'clarityNow': 8, 'screenTime': 7, 'flow': 'Occasionally', 'deepWork': 'Less than 1 hour', 'meditation': 'Rarely or never', 'gender': 'Male', 'diagnosis': 'No', 'scrolling': 'Sometimes', 'autism': 'No'}",,
CP73O6wbUqQxYsGr9gClO1EtVpX2,2025-12-28T15:45:51.246000+00:00,"{'age': 25, 'clarityNow': 6, 'screenTime': 7, 'flow': 'Occasionally', 'psiPossibility': 'I am open to the possibility', 'deepWork': '1–2 hours', 'diagnosis': 'Not sure / Self-diagnosed', 'autism': 'Yes', 'meditation': 'Yes, a few times per week', 'scrolling': 'Frequently', 'gender': 'Female'}",,
CklhQJa7ePd5XgyF9xUqRtHATYx2,2025-12-17T05:30:48.984000+00:00,"{'age': 24, 'clarityNow': 8, 'screenTime': 5, 'flow': 'Occasionally', 'psiPossibility': 'I am skeptical', 'deepWork': '1–2 hours', 'meditation': 'Rarely or never', 'gender': 'Female', 'diagnosis': 'Not sure / Self-diagnosed', 'scrolling': 'Sometimes', 'autism': 'No'}",,
D9tGkMVssiWLuxLbuTUwH8DrcHh2,2025-12-23T12:11:16.667000+00:00,"{'age': 19, 'clarityNow': 8, 'screenTime': 6, 'flow': 'Occasionally', 'psiPossibility': 'No way / Impossible', 'deepWork': 'Less than 1 hour', 'meditation': 'Rarely or never', 'gender': 'Female', 'diagnosis': 'No', 'scrolling': 'Frequently', 'autism': 'Yes'}",,
DWy8KT2s13cG1vK0GfpoF3NMdwd2,2025-12-28T23:05:03.078000+00:00,"{'age': 28, 'clarityNow': 4, 'screenTime': 2, 'flow': 'Often', 'psiPossibility': 'Yes, it is definitely possible', 'deepWork': 'More than 2 hours', 'meditation': 'Occasionally', 'gender': 'Female', 'diagnosis': 'Yes', 'scrolling': 'Sometimes', 'autism': 'No'}",,
DebDnIUOmlYT5hOg1YcnLNFcef33,2025-12-14T15:30:49.901000+00:00,"{'age': 50, 'clarityNow': 4, 'screenTime': 4, 'flow': 'Often', 'psiPossibility': 'I am open to the possibility', 'deepWork': 'More than 2 hours', 'meditation': 'Occasionally', 'gender': 'Male', 'diagnosis': 'No', 'scrolling': 'Rarely', 'autism': 'No'}",,
E1tNI5xeLCfv9u5Qp5P7E7RMcA72,2025-12-09T17:20:08.726000+00:00,"{'age': 24, 'clarityNow': 3, 'screenTime': 2, 'flow': 'Often', 'deepWork': 'More than 2 hours', 'meditation': 'Yes, daily', 'gender': 'Male', 'diagnosis': 'Yes', 'scrolling': 'Frequently', 'autism': 'No'}",,
EIp3IGoh19Qy51naTInvupRTCWz1,2025-12-09T01:37:10.459000+00:00,"{'age': 52, 'clarityNow': 8, 'screenTime': 3, 'flow': 'Occasionally', 'deepWork': 'More than 2 hours', 'meditation': 'Yes, daily', 'gender': 'Male', 'diagnosis': 'No', 'scrolling': 'Sometimes', 'autism': 'No'}",,
EViKvbVYn7bauXswsp2wJQvcnYJ3,2025-12-16T05:14:12.401000+00:00,"{'age': 32, 'clarityNow': 8, 'screenTime': 5, 'flow': 'Often', 'psiPossibility': 'I am open to the possibility', 'deepWork': 'Less than 1 hour', 'meditation': 'Occasionally', 'gender': 'Female', 'diagnosis': 'Not sure / Self-diagnosed', 'scrolling': 'Frequently', 'autism': 'Not sure / Self-diagnosed'}",,
FH9c5zEf54RFbYBQM80ijovCOIh1,2025-11-25T02:33:51.597000+00:00,"{'age': 68, 'clarityNow': 7, 'screenTime': 8, 'flow': 'Often', 'deepWork': 'More than 2 hours', 'meditation': 'Yes, a few times per week', 'gender': 'Female', 'diagnosis': 'Not sure / Self-diagnosed', 'scrolling': 'Frequently', 'autism': 'Not sure / Self-diagnosed'}",,
FPwkceasn3Tn7fH6xfChhaGlSAf2,2025-12-10T01:45:27.854000+00:00,"{'age': 37, 'clarityNow': 10, 'screenTime': 4, 'flow': 'Often', 'deepWork': 'More than 2 hours', 'meditation': 'Occasionally', 'gender': 'Male', 'diagnosis': 'Not sure / Self-diagnosed', 'scrolling': 'Sometimes', 'autism': 'No'}",,
FQmtTaw4DHXLYji7UckZVB8tFBe2,2025-12-16T21:58:07.248000+00:00,"{'age': 18, 'clarityNow': 7, 'screenTime': 12, 'flow': 'Often', 'psiPossibility': 'I am open to the possibility', 'deepWork': 'Less than 1 hour', 'meditation': 'Occasionally', 'gender': 'Prefer not to say', 'diagnosis': 'Not sure / Self-diagnosed', 'scrolling': 'Frequently', 'autism': 'No'}",,
Fgyz9dXRLYVtqxjpXxKdoAuiNLq2,2025-12-27T16:22:57.032000+00:00,"{'age': 42, 'clarityNow': 4, 'screenTime': 7, 'flow': 'Often', 'psiPossibility': 'Yes, it is definitely possible', 'deepWork': 'More than 2 hours', 'diagnosis': 'Yes', 'autism': 'Yes', 'meditation': 'Occasionally', 'scrolling': 'Sometimes', 'gender': 'Nonbinary'}",,
FnMVWpBLoaaG8mUYj3SnG2lfx6I2,2025-12-08T22:11:30.794000+00:00,"{'age': 28, 'clarityNow': 3, 'screenTime': 2, 'flow': 'Often', 'deepWork': 'More than 2 hours', 'meditation': 'Yes, a few times per week', 'gender': 'Female', 'diagnosis': 'No', 'scrolling': 'Sometimes', 'autism': 'No'}",,
Fo8fJ6gtqtWyhzUVBFelimAPi473,2025-12-08T09:07:16.374000+00:00,"{'age': '19', 'flow': 'Often', 'deepWork': 'More than 2 hours', 'meditation': 'Rarely or never', 'gender': 'Female', 'diagnosis': 'Not sure / Self-diagnosed', 'scrolling': 'Frequently', 'autism': 'No'}",,
GMpu5WVN9hWiZK5NcbT89wMCWzF2,2025-12-27T04:28:57.663000+00:00,"{'age': 35, 'clarityNow': 7, 'screenTime': 6, 'flow': 'Often', 'psiPossibility': 'Yes, it is definitely possible', 'deepWork': 'More than 2 hours', 'meditation': 'Rarely or never', 'gender': 'Male', 'diagnosis': 'No', 'scrolling': 'Frequently', 'autism': 'Yes'}",,
GkDR0s3OA6eW6Maa6bFVoy37y6b2,2025-12-23T10:51:56.470000+00:00,"{'age': 46, 'clarityNow': 10, 'screenTime': 3, 'flow': 'Often', 'psiPossibility': 'Yes, it is definitely possible', 'deepWork': '1–2 hours', 'meditation': 'Occasionally', 'gender': 'Female', 'diagnosis': 'Not sure / Self-diagnosed', 'scrolling': 'Frequently', 'autism': 'Yes'}",,
HX4YSxNsB8RWWSagi6mhVVCkSsV2,2025-12-28T17:04:34.648000+00:00,"{'age': 28, 'clarityNow': 7, 'screenTime': 5, 'flow': 'Occasionally', 'psiPossibility': 'I am open to the possibility', 'deepWork': 'More than 2 hours', 'meditation': 'Rarely or never', 'gender': 'Female', 'diagnosis': 'Not sure / Self-diagnosed', 'scrolling': 'Sometimes', 'autism': 'No'}",,
IFKhCCBbojRgb8OYOlUj173lCwn2,2025-12-18T02:51:00.296000+00:00,"{'age': 45, 'clarityNow': 4, 'screenTime': 8, 'flow': 'Rarely', 'psiPossibility': 'I am open to the possibility', 'deepWork': '1–2 hours', 'meditation': 'Occasionally', 'gender': 'Female', 'diagnosis': 'Not sure / Self-diagnosed', 'scrolling': 'Frequently', 'autism': 'No'}",,
IQAnnGhRS3h9GSYO4lUwgTKmFga2,2025-12-16T10:13:56.547000+00:00,"{'age': 44, 'clarityNow': 6, 'screenTime': 12, 'flow': 'Occasionally', 'psiPossibility': 'Yes, it is definitely possible', 'deepWork': '1–2 hours', 'meditation': 'Yes, a few times per week', 'gender': 'Male', 'diagnosis': 'Not sure / Self-diagnosed', 'scrolling': 'Sometimes', 'autism': 'No'}",,
IwnoSEjDAaX5T2NzmJf6n2eh56I2,2025-12-22T18:49:07.105000+00:00,"{'age': 50, 'clarityNow': 7, 'screenTime': 2, 'flow': 'Often', 'psiPossibility': 'I am open to the possibility', 'deepWork': 'Less than 1 hour', 'meditation': 'Occasionally', 'gender': 'Female', 'diagnosis': 'No', 'scrolling': 'Frequently', 'autism': 'No'}",,
JGY7u87hp9Z6XhR1KaW8CIAHk5Z2,2026-01-07T23:15:39.707000+00:00,"{'age': 36, 'clarityNow': 5, 'screenTime': 5, 'flow': 'Often', 'psiPossibility': 'I am open to the possibility', 'deepWork': 'More than 2 hours', 'meditation': 'Occasionally', 'gender': 'Female', 'diagnosis': 'No', 'scrolling': 'Frequently', 'autism': 'No'}",,
JJTT4vvBIFOW5OyAKrke4hny9q43,2025-12-29T15:13:43.048000+00:00,"{'age': 24, 'clarityNow': 4, 'screenTime': 2, 'flow': 'Often', 'psiPossibility': 'I am skeptical', 'deepWork': 'More than 2 hours', 'meditation': 'Occasionally', 'gender': 'Female', 'diagnosis': 'No', 'scrolling': 'Frequently', 'autism': 'No'}",,
JaOw479Y97RCLr3CjZUSkbc4XSo2,2025-12-10T18:48:32.165000+00:00,"{'age': 20, 'clarityNow': 7, 'screenTime': 6, 'flow': 'Occasionally', 'psiPossibility': 'No way / Impossible', 'deepWork': '1–2 hours', 'meditation': 'Rarely or never', 'gender': 'Female', 'diagnosis': 'No', 'scrolling': 'Sometimes', 'autism': 'No'}",,
KPhgxq6F6SVY1dVbUSztx9ejiQf2,2025-12-10T08:13:32.045000+00:00,"{'age': 18, 'clarityNow': 7, 'screenTime': 8, 'flow': 'Occasionally', 'deepWork': 'More than 2 hours', 'meditation': 'Rarely or never', 'gender': 'Male', 'diagnosis': 'Not sure / Self-diagnosed', 'scrolling': 'Frequently', 'autism': 'Not sure / Self-diagnosed'}",,
KS0OSWtdmCY0Pz5uMO6h9xso8YK2,2025-12-01T17:14:05.474000+00:00,"{'age': 59, 'clarityNow': 6, 'screenTime': 4, 'flow': 'Occasionally', 'deepWork': 'Less than 1 hour', 'meditation': 'Yes, daily', 'gender': 'Female', 'diagnosis': 'Not sure / Self-diagnosed', 'scrolling': 'Frequently', 'autism': 'No'}",,
LGkD3XLzLHN5fUzXyagGT6VnCnt2,2025-12-28T10:10:50.669000+00:00,"{'age': 31, 'clarityNow': 10, 'screenTime': 2, 'flow': 'Often', 'psiPossibility': 'Yes, it is definitely possible', 'deepWork': 'More than 2 hours', 'meditation': 'Yes, a few times per week', 'gender': 'Female', 'diagnosis': 'No', 'scrolling': 'Never', 'autism': 'No'}",,
MBuMvadQZnTWbmlg8jtU6RSBMdt2,2025-12-25T17:01:34.618000+00:00,"{'age': 25, 'clarityNow': 10, 'screenTime': 5, 'flow': 'Often', 'psiPossibility': 'Yes, it is definitely possible', 'deepWork': 'More than 2 hours', 'meditation': 'Yes, daily', 'gender': 'Female', 'autism': 'No', 'scrolling': 'Never', 'diagnosis': 'Yes'}",,
MVdtDLou5kRWYQKddOU27Jsvhxx2,2025-12-15T17:08:11.820000+00:00,"{'age': 40, 'clarityNow': 6, 'screenTime': 1, 'flow': 'Rarely', 'psiPossibility': 'Yes, it is definitely possible', 'deepWork': 'More than 2 hours', 'meditation': 'Yes, a few times per week', 'gender': 'Female', 'diagnosis': 'Yes', 'scrolling': 'Sometimes', 'autism': 'Not sure / Self-diagnosed'}",,
NWKjx0BNt4PzTlPM2h8SDX3cA132,2025-12-09T20:38:52.854000+00:00,"{'age': 54, 'clarityNow': 3, 'screenTime': 2, 'flow': 'Occasionally', 'deepWork': '1–2 hours', 'meditation': 'Rarely or never', 'gender': 'Male', 'diagnosis': 'No', 'scrolling': 'Rarely', 'autism': 'No'}",,
NjYWSpVKgjexR6zlVDFLRwjMGb12,2025-12-09T21:04:31.561000+00:00,"{'age': 18, 'clarityNow': 3, 'screenTime': 4, 'flow': 'Never', 'deepWork': 'Less than 1 hour', 'meditation': 'Rarely or never', 'gender': 'Female', 'diagnosis': 'No', 'scrolling': 'Sometimes', 'autism': 'No'}",,
O3u5239kWudPqZuq1dMfKOtIEG42,2025-12-11T23:08:49.401000+00:00,"{'age': 26, 'clarityNow': 6, 'screenTime': 7, 'flow': 'Occasionally', 'psiPossibility': 'Yes, it is definitely possible', 'deepWork': '1–2 hours', 'meditation': 'Rarely or never', 'gender': 'Male', 'diagnosis': 'Not sure / Self-diagnosed', 'scrolling': 'Frequently', 'autism': 'No'}",,
OBysqURkMxRSrJF0BVYPccpyw4V2,2025-12-19T13:57:32.301000+00:00,"{'age': 37, 'clarityNow': 5, 'screenTime': 8, 'flow': 'Often', 'psiPossibility': 'Yes, it is definitely possible', 'deepWork': 'More than 2 hours', 'meditation': 'Occasionally', 'gender': 'Female', 'diagnosis': 'No', 'scrolling': 'Frequently', 'autism': 'Not sure / Self-diagnosed'}",,
OP4lnA4nW9cVUwE2d4VCQnnwSjf1,2025-12-22T15:10:01.490000+00:00,"{'age': 22, 'clarityNow': 4, 'screenTime': 3, 'flow': 'Often', 'psiPossibility': 'No way / Impossible', 'deepWork': '1–2 hours', 'meditation': 'Rarely or never', 'gender': 'Female', 'diagnosis': 'No', 'scrolling': 'Frequently', 'autism': 'No'}",,
OqwRuW4z58bFpP9RD3IXdrw8a2h2,2025-12-17T16:03:58.501000+00:00,"{'age': 43, 'clarityNow': 4, 'screenTime': 1, 'flow': 'Often', 'psiPossibility': 'I am skeptical', 'deepWork': '1–2 hours', 'meditation': 'Rarely or never', 'gender': 'Male', 'diagnosis': 'No', 'scrolling': 'Rarely', 'autism': 'No'}",,
PPYPtp0xGgdNa2HgQPeHJXu45QG2,2025-12-20T18:27:59.385000+00:00,"{'age': 32, 'clarityNow': 8, 'screenTime': 5, 'flow': 'Often', 'psiPossibility': 'Yes, it is definitely possible', 'deepWork': 'More than 2 hours', 'diagnosis': 'Yes', 'autism': 'Yes', 'meditation': 'Yes, daily', 'scrolling': 'Frequently', 'gender': 'Female'}",,
PVvwfKW8a7NGGw4wiljFa4Y0EtX2,2025-12-11T16:01:29.385000+00:00,"{'age': 20, 'clarityNow': 6, 'screenTime': 6, 'flow': 'Occasionally', 'psiPossibility': 'No way / Impossible', 'deepWork': '1–2 hours', 'meditation': 'Rarely or never', 'gender': 'Female', 'diagnosis': 'No', 'scrolling': 'Sometimes', 'autism': 'No'}",,
PmjLwsFhjjhg42sukhjhfCpaHdP2,2025-12-11T17:08:26.823000+00:00,"{'age': 28, 'clarityNow': 7, 'screenTime': 1, 'flow': 'Occasionally', 'psiPossibility': 'I am open to the possibility', 'deepWork': 'More than 2 hours', 'meditation': 'Yes, a few times per week', 'gender': 'Female', 'diagnosis': 'No', 'scrolling': 'Sometimes', 'autism': 'No'}",,
Pyg6o0aejVfst3fJAV0xlbThNQC3,2025-09-02T22:44:49.899000+00:00,"{'age': '54', 'screenTime': '8', 'flow': 'Rarely', 'deepWork': 'More than 2 hours', 'meditation': 'Rarely or never', 'gender': 'Male', 'diagnosis': 'No', 'scrolling': 'Rarely'}",1.0,True
Q4M8UuK2A1fKC4nLJUDsQ9qqykz1,2025-12-11T02:03:11.178000+00:00,"{'age': 20, 'clarityNow': 10, 'screenTime': 4, 'flow': 'Occasionally', 'psiPossibility': 'No way / Impossible', 'deepWork': 'More than 2 hours', 'meditation': 'Rarely or never', 'gender': 'Male', 'diagnosis': 'Not sure / Self-diagnosed', 'scrolling': 'Sometimes', 'autism': 'Not sure / Self-diagnosed'}",,
QpVlhYt9A2gGktYL3BihxpauN3N2,2025-09-01T01:15:46.728000+00:00,"{'age': '58', 'clarityNow': '2', 'screenTime': '3', 'flow': 'Occasionally', 'deepWork': '1–2 hours', 'meditation': 'Yes, daily', 'gender': 'Female', 'diagnosis': 'Yes', 'scrolling': 'Sometimes'}",1.0,True
R5z46WrPwtbxut3o5fESlJx6yfa2,2025-12-10T01:56:28.503000+00:00,"{'age': 25, 'clarityNow': 6, 'screenTime': 3, 'flow': 'Occasionally', 'deepWork': 'More than 2 hours', 'meditation': 'Occasionally', 'gender': 'Female', 'diagnosis': 'Yes', 'scrolling': 'Frequently', 'autism': 'Not sure / Self-diagnosed'}",,
Ra1wp1DzsUgQaRJG4Qw3oSj8ruY2,2026-01-21T21:46:20.099000+00:00,"{'age': 45, 'clarityNow': 2, 'screenTime': 4, 'flow': 'Occasionally', 'psiPossibility': 'I am skeptical', 'deepWork': '1–2 hours', 'diagnosis': 'Yes', 'autism': 'No', 'meditation': 'Occasionally', 'scrolling': 'Frequently', 'gender': 'Female'}",,
SoU7qCtYLBTGLDIIY3hnUJfyLDA2,2025-09-16T21:29:13.439000+00:00,"{'age': '59', 'clarityNow': '2', 'screenTime': '10', 'flow': 'Occasionally', 'deepWork': 'Less than 1 hour', 'meditation': 'Yes, a few times per week', 'gender': 'Female', 'diagnosis': 'Not sure / Self-diagnosed', 'scrolling': 'Frequently', 'autism': 'No'}",1.0,True
TFUVkBG60feAoUO7aN3acWZy6Ur1,2025-10-30T23:10:45.770000+00:00,"{'age': '108', 'clarityNow': '8', 'screenTime': '1', 'flow': 'Often', 'deepWork': 'More than 2 hours', 'meditation': 'Yes, daily', 'gender': 'Female', 'diagnosis': 'Yes', 'scrolling': 'Frequently', 'autism': 'Yes'}",1.0,True
TSJ5ym5VnzgX9zECInW4Qm71jDu2,2025-11-25T21:12:54.527000+00:00,"{'age': 59, 'clarityNow': 3, 'screenTime': 2, 'flow': 'Rarely', 'deepWork': '1–2 hours', 'meditation': 'Yes, daily', 'gender': 'Male', 'diagnosis': 'Not sure / Self-diagnosed', 'scrolling': 'Rarely', 'autism': 'No'}",,
TXO7dg7U12XXwHpEmU9cvigzfRb2,2025-12-22T17:45:07.850000+00:00,"{'age': 31, 'clarityNow': 4, 'screenTime': 3, 'flow': 'Occasionally', 'psiPossibility': 'I am open to the possibility', 'deepWork': '1–2 hours', 'meditation': 'Yes, daily', 'gender': 'Female', 'diagnosis': 'Yes', 'scrolling': 'Sometimes', 'autism': 'Not sure / Self-diagnosed'}",,
TbGhOgxIl5RDS0jzNPd1w7YPezD3,2025-12-23T16:41:08.796000+00:00,"{'age': 21, 'clarityNow': 9, 'screenTime': 3, 'flow': 'Occasionally', 'psiPossibility': 'I am open to the possibility', 'deepWork': '1–2 hours', 'meditation': 'Occasionally', 'gender': 'Female', 'diagnosis': 'No', 'scrolling': 'Rarely', 'autism': 'No'}",,
TqrCvBskDngkIWhl2ItfZntTsr52,2025-12-26T05:25:21.446000+00:00,"{'age': 20, 'clarityNow': 8, 'screenTime': 5, 'flow': 'Occasionally', 'psiPossibility': 'I am open to the possibility', 'deepWork': 'Less than 1 hour', 'meditation': 'Rarely or never', 'gender': 'Female', 'diagnosis': 'No', 'scrolling': 'Sometimes', 'autism': 'No'}",,
TyjQenJlSVg4HFopDj3i6AiFbwu1,2025-12-29T19:36:53.624000+00:00,"{'age': 20, 'clarityNow': 6, 'screenTime': 7, 'flow': 'Occasionally', 'psiPossibility': 'I am open to the possibility', 'deepWork': 'More than 2 hours', 'meditation': 'Occasionally', 'gender': 'Female', 'diagnosis': 'Not sure / Self-diagnosed', 'scrolling': 'Frequently', 'autism': 'Not sure / Self-diagnosed'}",,
UD8ZhW8elDM3XCzmtzhMfK6k9Bo1,2025-12-14T13:10:34.733000+00:00,"{'age': 24, 'clarityNow': 7, 'screenTime': 3, 'flow': 'Occasionally', 'psiPossibility': 'I am skeptical', 'deepWork': '1–2 hours', 'meditation': 'Occasionally', 'gender': 'Nonbinary', 'diagnosis': 'No', 'scrolling': 'Sometimes', 'autism': 'Not sure / Self-diagnosed'}",,
UVqDMkYRw3XHMNvCYVuJjueYXRm1,2026-01-21T19:47:03.651000+00:00,"{'age': 27, 'clarityNow': 3, 'screenTime': 8, 'flow': 'Often', 'psiPossibility': 'I am open to the possibility', 'deepWork': '1–2 hours', 'meditation': 'Occasionally', 'gender': 'Female', 'diagnosis': 'Not sure / Self-diagnosed', 'scrolling': 'Frequently', 'autism': 'Yes'}",,
VCgFMoSkUjO7A4ogYfjGsHY4Xgf1,2025-12-25T18:13:16.515000+00:00,"{'age': 27, 'clarityNow': 6, 'screenTime': 4, 'flow': 'Occasionally', 'psiPossibility': 'I am skeptical', 'deepWork': 'More than 2 hours', 'diagnosis': 'No', 'autism': 'Not sure / Self-diagnosed', 'meditation': 'Rarely or never', 'scrolling': 'Sometimes', 'gender': 'Prefer not to say'}",,
VK4JwxlXyCNtJ2xvABiKqWuSqxB2,2025-12-10T17:15:34.420000+00:00,"{'psiBelief': 2, 'clarityNow': 8, 'screenTime': 2, 'age': 29, 'flow': 'Often', 'deepWork': 'More than 2 hours', 'meditation': 'Yes, a few times per week', 'gender': 'Male', 'diagnosis': 'Not sure / Self-diagnosed', 'scrolling': 'Sometimes', 'autism': 'Not sure / Self-diagnosed'}",,
VtdKzV9v1MZLauMPt7x7gOZzcTx1,2025-12-15T20:15:13.873000+00:00,"{'age': 37, 'clarityNow': 7, 'screenTime': 3, 'flow': 'Occasionally', 'psiPossibility': 'Yes, it is definitely possible', 'deepWork': '1–2 hours', 'meditation': 'Rarely or never', 'gender': 'Male', 'diagnosis': 'Yes', 'scrolling': 'Sometimes', 'autism': 'Yes'}",,
VveQ0WWqbAWrExTVhbUFhlJd0K53,2025-10-13T22:11:59.708000+00:00,"{'age': 101, 'clarityNow': 2, 'screenTime': 7, 'flow': 'Rarely', 'deepWork': 'More than 2 hours', 'meditation': 'Yes, daily', 'gender': 'Female', 'diagnosis': 'Not sure / Self-diagnosed', 'scrolling': 'Frequently', 'autism': 'No'}",,
WKdyYYBDKNUoQPwdmsXZ47o9NA02,2025-12-09T21:19:18.205000+00:00,"{'age': 28, 'clarityNow': 2, 'screenTime': 4, 'flow': 'Occasionally', 'deepWork': 'More than 2 hours', 'meditation': 'Rarely or never', 'gender': 'Female', 'diagnosis': 'No', 'scrolling': 'Frequently', 'autism': 'No'}",,
XLG2p4ph9pgj4GEsVBhn6dhpV752,2025-12-25T22:11:38.799000+00:00,"{'age': 21, 'clarityNow': 5, 'screenTime': 6, 'flow': 'Occasionally', 'psiPossibility': 'No way / Impossible', 'deepWork': 'More than 2 hours', 'meditation': 'Rarely or never', 'gender': 'Male', 'diagnosis': 'No', 'scrolling': 'Rarely', 'autism': 'No'}",,
XtFvgVxc8zdxZhtMHwkHz3FtHGU2,2025-12-09T04:39:22.411000+00:00,"{'age': 30, 'clarityNow': 5, 'screenTime': 3, 'flow': 'Occasionally', 'deepWork': 'More than 2 hours', 'meditation': 'Yes, a few times per week', 'gender': 'Female', 'diagnosis': 'No', 'scrolling': 'Sometimes', 'autism': 'No'}",,
YPPx1tgbwbQdcLUEArbscBukVth1,2025-11-25T15:22:06.787000+00:00,"{'age': 58, 'clarityNow': 7, 'screenTime': 12, 'flow': 'Rarely', 'deepWork': '1–2 hours', 'meditation': 'Yes, a few times per week', 'gender': 'Female', 'diagnosis': 'Not sure / Self-diagnosed', 'scrolling': 'Sometimes', 'autism': 'No'}",,
ZGCNfpblrJgyCTcyPOFB6eFNRhZ2,2025-10-14T23:41:31.100000+00:00,"{'age': 18, 'clarityNow': 3, 'screenTime': 8, 'flow': 'Often', 'deepWork': 'More than 2 hours', 'meditation': 'Yes, daily', 'gender': 'Female', 'diagnosis': 'Yes', 'scrolling': 'Frequently', 'autism': 'Yes'}",,
ZoV2VRPDEnRQsUOfpvxPxNd1Qm72,2025-09-16T04:09:09.721000+00:00,"{'age': '59', 'clarityNow': '2', 'screenTime': '11', 'flow': 'Occasionally', 'deepWork': 'Less than 1 hour', 'meditation': 'Yes, daily', 'gender': 'Female', 'diagnosis': 'Not sure / Self-diagnosed', 'scrolling': 'Frequently', 'autism': 'No'}",,
ZqIiymYOhIfWmhZzHCxlPA5sUCn2,2025-12-15T18:58:43.222000+00:00,"{'age': 34, 'clarityNow': 7, 'screenTime': 4, 'flow': 'Occasionally', 'psiPossibility': 'I am open to the possibility', 'deepWork': '1–2 hours', 'meditation': 'Yes, a few times per week', 'gender': 'Male', 'diagnosis': 'Yes', 'scrolling': 'Rarely', 'autism': 'Not sure / Self-diagnosed'}",,
Zt114uZnI5gkBt7Iqv3YsEEXkz32,2025-12-17T02:51:07.209000+00:00,"{'age': 23, 'clarityNow': 3, 'screenTime': 6, 'flow': 'Never', 'psiPossibility': 'I am open to the possibility', 'deepWork': 'More than 2 hours', 'meditation': 'Occasionally', 'gender': 'Nonbinary', 'diagnosis': 'Yes', 'scrolling': 'Frequently', 'autism': 'Not sure / Self-diagnosed'}",,
ZunDK3l44Ch1PIFgMCIk2Ljlj5q1,2025-12-28T12:29:06.676000+00:00,"{'age': 29, 'clarityNow': 9, 'screenTime': 5, 'flow': 'Often', 'psiPossibility': 'No way / Impossible', 'deepWork': 'More than 2 hours', 'meditation': 'Occasionally', 'gender': 'Female', 'diagnosis': 'Yes', 'scrolling': 'Frequently', 'autism': 'Not sure / Self-diagnosed'}",,
ZzYpG16pOSg4DZta5V2u7sG5XJH2,2025-12-16T07:46:54.762000+00:00,"{'age': 35, 'clarityNow': 3, 'screenTime': 6, 'flow': 'Occasionally', 'psiPossibility': 'Yes, it is definitely possible', 'deepWork': 'More than 2 hours', 'meditation': 'Rarely or never', 'gender': 'Female', 'diagnosis': 'Yes', 'scrolling': 'Frequently', 'autism': 'No'}",,
aA6fwp5sEWUlShLqGloOlCychfc2,2025-12-29T08:40:28.012000+00:00,"{'age': 21, 'clarityNow': 9, 'screenTime': 5, 'flow': 'Occasionally', 'psiPossibility': 'I am skeptical', 'deepWork': '1–2 hours', 'meditation': 'Rarely or never', 'gender': 'Male', 'diagnosis': 'No', 'scrolling': 'Frequently', 'autism': 'No'}",,
aGNBYElYV8UKzh7IN3L6Tqf7OYy2,2025-12-18T13:11:46.217000+00:00,"{'age': 40, 'clarityNow': 8, 'screenTime': 2, 'flow': 'Occasionally', 'psiPossibility': 'No way / Impossible', 'deepWork': 'More than 2 hours', 'meditation': 'Rarely or never', 'gender': 'Male', 'diagnosis': 'No', 'scrolling': 'Sometimes', 'autism': 'No'}",,
aI8HMwoXDZYB1E3hJikVbpNPvyo1,2025-12-15T20:18:39.715000+00:00,"{'age': 36, 'clarityNow': 7, 'screenTime': 12, 'flow': 'Occasionally', 'psiPossibility': 'I am open to the possibility', 'deepWork': '1–2 hours', 'diagnosis': 'No', 'autism': 'Not sure / Self-diagnosed', 'gender': 'Nonbinary', 'scrolling': 'Sometimes', 'meditation': 'Occasionally'}",,
aRK2DOTQgwdu8Z2p5le5k3hHWuv2,2025-12-14T04:32:02.585000+00:00,"{'age': 22, 'clarityNow': 2, 'screenTime': 2, 'flow': 'Occasionally', 'psiPossibility': 'Yes, it is definitely possible', 'deepWork': 'More than 2 hours', 'meditation': 'Rarely or never', 'gender': 'Female', 'diagnosis': 'Not sure / Self-diagnosed', 'scrolling': 'Sometimes', 'autism': 'Not sure / Self-diagnosed'}",,
afe624KUpihCBeQpWYaNifMM16u2,2025-08-31T16:27:43.885000+00:00,"{'age': '60', 'clarityNow': '6', 'screenTime': '8', 'flow': 'Often', 'deepWork': 'Less than 1 hour', 'meditation': 'Occasionally', 'gender': 'Female', 'diagnosis': 'Not sure / Self-diagnosed', 'scrolling': 'Frequently'}",5.0,True
aj2PSAxOmadGQylCj6000WszNWv2,2025-12-23T04:48:52.465000+00:00,"{'age': 34, 'clarityNow': 7, 'screenTime': 2, 'flow': 'Occasionally', 'psiPossibility': 'Yes, it is definitely possible', 'deepWork': '1–2 hours', 'meditation': 'Yes, daily', 'gender': 'Female', 'diagnosis': 'Yes', 'scrolling': 'Sometimes', 'autism': 'Not sure / Self-diagnosed'}",,
bAPCMH5yZaakKYcafgqybX42Ctk2,2025-12-14T01:47:05.122000+00:00,"{'age': 26, 'clarityNow': 6, 'screenTime': 5, 'flow': 'Often', 'psiPossibility': 'I am skeptical', 'deepWork': '1–2 hours', 'meditation': 'Rarely or never', 'gender': 'Male', 'diagnosis': 'No', 'scrolling': 'Sometimes', 'autism': 'No'}",,
bM8CGslyOyYJ7v0kfuNNEkVLJNl2,2025-12-28T11:32:40.198000+00:00,"{'age': 27, 'clarityNow': 7, 'screenTime': 2, 'flow': 'Often', 'psiPossibility': 'I am skeptical', 'deepWork': '1–2 hours', 'meditation': 'Yes, a few times per week', 'gender': 'Female', 'diagnosis': 'No', 'scrolling': 'Frequently', 'autism': 'No'}",,
byQtQyqDF9SeqYBLwG9FJzTCaew2,2025-12-28T10:59:42.066000+00:00,"{'age': 21, 'clarityNow': 3, 'screenTime': 6, 'flow': 'Occasionally', 'psiPossibility': 'I am open to the possibility', 'deepWork': '1–2 hours', 'meditation': 'Rarely or never', 'gender': 'Female', 'diagnosis': 'No', 'scrolling': 'Sometimes', 'autism': 'Not sure / Self-diagnosed'}",,
cm29OQVl3JMYS5xgRVbRUgalbZO2,2026-01-12T04:26:21.243000+00:00,"{'age': 42, 'clarityNow': 5, 'screenTime': 2, 'flow': 'Often', 'psiPossibility': 'I am skeptical', 'deepWork': 'More than 2 hours', 'meditation': 'Rarely or never', 'gender': 'Male', 'diagnosis': 'No', 'scrolling': 'Sometimes', 'autism': 'No'}",,
dJYJV9tEr3RSuTvgyqDUzSWjSDu2,2025-10-03T03:59:00.978000+00:00,"{'age': '59', 'clarityNow': '2', 'screenTime': '9', 'flow': 'Occasionally', 'deepWork': 'Less than 1 hour', 'meditation': 'Yes, daily', 'autism': 'No', 'gender': 'Female', 'scrolling': 'Frequently', 'diagnosis': 'Not sure / Self-diagnosed'}",2.0,True
dLcNVxNwc1hYMyi1pg2EvY41Ld33,2025-12-27T16:27:56.725000+00:00,"{'age': 40, 'clarityNow': 7, 'screenTime': 2, 'flow': 'Rarely', 'psiPossibility': 'Yes, it is definitely possible', 'deepWork': 'More than 2 hours', 'meditation': 'Occasionally', 'gender': 'Female', 'diagnosis': 'No', 'scrolling': 'Frequently', 'autism': 'No'}",,
dNHH9p6svsPUOst9it7oIkIKpJb2,2025-12-11T03:15:44.151000+00:00,"{'age': 53, 'clarityNow': 9, 'screenTime': 10, 'flow': 'Often', 'psiPossibility': 'I am open to the possibility', 'deepWork': 'More than 2 hours', 'meditation': 'Rarely or never', 'gender': 'Nonbinary', 'diagnosis': 'No', 'scrolling': 'Sometimes', 'autism': 'No'}",,
ePVG1JFkkgYaFF5nm9hFvhWvxjH3,2025-12-15T23:59:14.612000+00:00,"{'age': 31, 'clarityNow': 10, 'screenTime': 5, 'flow': 'Often', 'psiPossibility': 'Yes, it is definitely possible', 'deepWork': 'More than 2 hours', 'meditation': 'Yes, daily', 'gender': 'Male', 'diagnosis': 'No', 'scrolling': 'Frequently', 'autism': 'No'}",,
fGL6CwNuW6c7KpB0UTqubsnNHaA2,2025-12-17T00:59:57.925000+00:00,"{'age': 18, 'clarityNow': 10, 'screenTime': 8, 'flow': 'Often', 'psiPossibility': 'Yes, it is definitely possible', 'deepWork': 'Less than 1 hour', 'meditation': 'Yes, daily', 'gender': 'Female', 'diagnosis': 'Yes', 'scrolling': 'Frequently', 'autism': 'Yes'}",,
fLFB7LWNHARShaZNTi5VAtSbQkv2,2025-12-15T13:57:57.050000+00:00,"{'age': 26, 'clarityNow': 7, 'screenTime': 5, 'flow': 'Often', 'psiPossibility': 'I am open to the possibility', 'deepWork': 'Less than 1 hour', 'diagnosis': 'No', 'autism': 'No', 'meditation': 'Occasionally', 'scrolling': 'Frequently', 'gender': 'Female'}",,
fmE3i72plBhspxhrfNXtToMZd523,2025-12-24T08:21:21.027000+00:00,"{'age': 22, 'clarityNow': 8, 'screenTime': 1, 'flow': 'Occasionally', 'psiPossibility': 'I am skeptical', 'deepWork': 'More than 2 hours', 'diagnosis': 'No', 'autism': 'No', 'gender': 'Female', 'scrolling': 'Rarely', 'meditation': 'Rarely or never'}",,
fyHqSQOTTWPNCDtghoIoJsWmIx22,2025-12-20T07:54:39.661000+00:00,"{'age': 21, 'clarityNow': 4, 'screenTime': 5, 'flow': 'Occasionally', 'psiPossibility': 'No way / Impossible', 'deepWork': 'Less than 1 hour', 'meditation': 'Occasionally', 'gender': 'Male', 'diagnosis': 'No', 'scrolling': 'Frequently', 'autism': 'No'}",,
gBT1cVXg7RZcBAP7X7Ljww4Lwv52,2025-12-16T17:34:07.330000+00:00,"{'age': 20, 'clarityNow': 8, 'screenTime': 5, 'flow': 'Occasionally', 'psiPossibility': 'I am skeptical', 'deepWork': '1–2 hours', 'meditation': 'Rarely or never', 'gender': 'Male', 'diagnosis': 'No', 'scrolling': 'Sometimes', 'autism': 'Not sure / Self-diagnosed'}",,
goT26151HLhxEshrxD1o5ScYuvl1,2025-12-23T13:09:32.426000+00:00,"{'age': 40, 'clarityNow': 5, 'screenTime': 3, 'flow': 'Rarely', 'psiPossibility': 'I am open to the possibility', 'deepWork': 'Less than 1 hour', 'meditation': 'Occasionally', 'gender': 'Female', 'diagnosis': 'Not sure / Self-diagnosed', 'scrolling': 'Sometimes', 'autism': 'Not sure / Self-diagnosed'}",,
hwBPGkzt7vXPjOhR6tdRNim0zNq1,2025-11-20T23:20:37.672000+00:00,"{'age': 19, 'clarityNow': 2, 'screenTime': 5, 'flow': 'Often', 'deepWork': 'Less than 1 hour', 'meditation': 'Rarely or never', 'gender': 'Male', 'diagnosis': 'Yes', 'scrolling': 'Frequently', 'autism': 'No'}",,
ibEzBrZt0VVT8Xsy8gSNVeljFJx2,2025-10-02T04:59:08.030000+00:00,"{'age': 18, 'clarityNow': 4, 'screenTime': 3, 'flow': 'Often', 'deepWork': 'More than 2 hours', 'meditation': 'Yes, daily', 'autism': 'Yes', 'gender': 'Female', 'scrolling': 'Frequently', 'diagnosis': 'Yes'}",,
iqjy7CA7AKYgwFCXNIUroprEoMY2,2025-11-25T17:34:51.612000+00:00,"{'age': 59, 'clarityNow': 7, 'screenTime': 10, 'flow': 'Often', 'deepWork': 'Less than 1 hour', 'meditation': 'Yes, daily', 'gender': 'Female', 'diagnosis': 'Not sure / Self-diagnosed', 'scrolling': 'Frequently', 'autism': 'No'}",,
iwP4NuhwJTgJiOQJ8ahGQh4PfKA2,2026-02-07T14:19:07.040000+00:00,"{'age': 35, 'clarityNow': 5, 'screenTime': 7, 'flow': 'Occasionally', 'psiPossibility': 'I am skeptical', 'deepWork': 'More than 2 hours', 'meditation': 'Rarely or never', 'gender': 'Male', 'diagnosis': 'No', 'scrolling': 'Rarely', 'autism': 'No'}",,
jWmnCeeHhqfK2K1DIn16yVzqXKS2,2025-12-30T12:32:31.998000+00:00,"{'age': 21, 'clarityNow': 7, 'screenTime': 9, 'flow': 'Occasionally', 'psiPossibility': 'Yes, it is definitely possible', 'deepWork': '1–2 hours', 'meditation': 'Rarely or never', 'gender': 'Female', 'diagnosis': 'No', 'scrolling': 'Frequently', 'autism': 'No'}",,
jq53JgOHcvMF7N8ZPZRUKS8Labl1,2025-12-09T20:41:53.028000+00:00,"{'age': 22, 'clarityNow': 1, 'screenTime': 10, 'flow': 'Occasionally', 'deepWork': 'Rarely or never', 'meditation': 'Rarely or never', 'gender': 'Female', 'diagnosis': 'Not sure / Self-diagnosed', 'scrolling': 'Frequently', 'autism': 'Not sure / Self-diagnosed'}",,
jw3wKoijCch0LusF5tED3f6Tgih2,2025-12-16T04:22:22.475000+00:00,"{'age': 41, 'clarityNow': 6, 'screenTime': 5, 'flow': 'Occasionally', 'psiPossibility': 'Yes, it is definitely possible', 'deepWork': 'Less than 1 hour', 'meditation': 'Occasionally', 'gender': 'Male', 'diagnosis': 'Yes', 'scrolling': 'Sometimes', 'autism': 'No'}",,
jyyg029jDNPeJ16Oj5VIYUe2uBz1,2025-12-14T13:01:23.286000+00:00,"{'age': 23, 'clarityNow': 6, 'screenTime': 9, 'flow': 'Occasionally', 'psiPossibility': 'Yes, it is definitely possible', 'deepWork': '1–2 hours', 'meditation': 'Occasionally', 'gender': 'Female', 'diagnosis': 'No', 'scrolling': 'Sometimes', 'autism': 'No'}",,
kyySq1FcFNbvZPfQc0DDVGeRRFg1,2025-12-15T05:40:01.443000+00:00,"{'age': 37, 'clarityNow': 4, 'screenTime': 7, 'flow': 'Occasionally', 'psiPossibility': 'I am open to the possibility', 'deepWork': 'More than 2 hours', 'meditation': 'Rarely or never', 'gender': 'Female', 'diagnosis': 'Yes', 'scrolling': 'Sometimes', 'autism': 'No'}",,
lAOwfPgNVthGgDcXLCBUdwVxXoM2,2025-12-14T11:13:15.966000+00:00,"{'age': 36, 'clarityNow': 3, 'screenTime': 3, 'flow': 'Never', 'psiPossibility': 'No way / Impossible', 'deepWork': 'More than 2 hours', 'meditation': 'Yes, a few times per week', 'gender': 'Male', 'diagnosis': 'No', 'scrolling': 'Frequently', 'autism': 'No'}",,
lAdms0X8zzgHFFLjQytfAJ9EVEA3,2025-12-11T23:47:06.264000+00:00,"{'age': 27, 'clarityNow': 3, 'screenTime': 2, 'flow': 'Never', 'psiPossibility': 'No way / Impossible', 'deepWork': 'Rarely or never', 'meditation': 'Rarely or never', 'gender': 'Female', 'diagnosis': 'No', 'scrolling': 'Frequently', 'autism': 'No'}",,
lPcFRjP9RLT7iyEcYy8mMCyL6Vp2,2025-12-20T17:45:20.159000+00:00,"{'age': 22, 'clarityNow': 9, 'screenTime': 4, 'flow': 'Occasionally', 'psiPossibility': 'I am skeptical', 'deepWork': '1–2 hours', 'meditation': 'Rarely or never', 'gender': 'Female', 'diagnosis': 'No', 'scrolling': 'Sometimes', 'autism': 'No'}",,
lvxRF9eLIgZfHLH2NDGCibX6krB3,2025-12-30T10:38:12.455000+00:00,"{'age': 20, 'clarityNow': 10, 'screenTime': 2, 'flow': 'Occasionally', 'psiPossibility': 'I am open to the possibility', 'deepWork': 'Less than 1 hour', 'meditation': 'Occasionally', 'gender': 'Female', 'diagnosis': 'No', 'scrolling': 'Rarely', 'autism': 'No'}",,
mZDjuHWZBEQlJQzrO2IsPWoKmlw2,2025-12-26T19:59:36.646000+00:00,"{'age': 22, 'clarityNow': 10, 'screenTime': 5, 'flow': 'Occasionally', 'psiPossibility': 'I am open to the possibility', 'deepWork': 'Less than 1 hour', 'meditation': 'Occasionally', 'gender': 'Male', 'diagnosis': 'No', 'scrolling': 'Sometimes', 'autism': 'No'}",,
mlOBXQuPeSR1ftTfDxeVTriF3DG2,2025-12-23T05:24:00.705000+00:00,"{'age': 21, 'clarityNow': 6, 'screenTime': 7, 'flow': 'Occasionally', 'psiPossibility': 'Yes, it is definitely possible', 'deepWork': '1–2 hours', 'diagnosis': 'Yes', 'autism': 'No', 'meditation': 'Yes, a few times per week', 'scrolling': 'Frequently', 'gender': 'Female'}",,
mrFCBhSiOhaLxu5qgl69HkhohWs2,2025-12-13T18:59:15.066000+00:00,"{'age': 31, 'clarityNow': 3, 'screenTime': 5, 'flow': 'Often', 'psiPossibility': 'I am open to the possibility', 'deepWork': 'More than 2 hours', 'meditation': 'Occasionally', 'gender': 'Male', 'diagnosis': 'Yes', 'scrolling': 'Frequently', 'autism': 'Not sure / Self-diagnosed'}",,
msqMAbwikTh6v0ZEDg4m2MNwmpA3,2025-12-19T09:42:32.015000+00:00,"{'age': 49, 'clarityNow': 6, 'screenTime': 2, 'flow': 'Rarely', 'psiPossibility': 'I am skeptical', 'deepWork': 'Rarely or never', 'meditation': 'Rarely or never', 'gender': 'Female', 'diagnosis': 'No', 'scrolling': 'Rarely', 'autism': 'No'}",,
n8nGQ7zqhPP8Y4orhMVUou01syX2,2025-12-20T18:46:39.415000+00:00,"{'age': 18, 'clarityNow': 6, 'screenTime': 2, 'flow': 'Occasionally', 'psiPossibility': 'I am open to the possibility', 'deepWork': '1–2 hours', 'meditation': 'Rarely or never', 'gender': 'Female', 'diagnosis': 'No', 'scrolling': 'Sometimes', 'autism': 'No'}",,
nCAXtvqQqwdP1jBnquTNbtm0Dcv2,2025-11-20T23:20:33.358000+00:00,"{'age': 18, 'clarityNow': 5, 'screenTime': 6, 'flow': 'Occasionally', 'deepWork': 'Less than 1 hour', 'meditation': 'Rarely or never', 'gender': 'Male', 'diagnosis': 'No', 'scrolling': 'Sometimes', 'autism': 'No'}",,
ocK3rx3Cl8cAXWtJoqtuk8kxkcY2,2026-02-10T18:03:48.779000+00:00,"{'age': 30, 'clarityNow': 3, 'screenTime': 7, 'flow': 'Rarely', 'psiPossibility': 'Yes, it is definitely possible', 'deepWork': '1–2 hours', 'meditation': 'Occasionally', 'gender': 'Female', 'diagnosis': 'Not sure / Self-diagnosed', 'scrolling': 'Frequently', 'autism': 'Not sure / Self-diagnosed'}",,
puvpskzOuJPtDVUBR6O5GpiNWF53,2025-12-02T17:45:16.606000+00:00,"{'age': 59, 'clarityNow': 2, 'screenTime': 3, 'flow': 'Occasionally', 'deepWork': 'Less than 1 hour', 'meditation': 'Yes, daily', 'gender': 'Female', 'diagnosis': 'Not sure / Self-diagnosed', 'scrolling': 'Frequently', 'autism': 'No'}",,
q6x8Iek7xAcayRdJez18t0QKT613,2025-12-15T21:07:55.449000+00:00,"{'age': 59, 'clarityNow': 3, 'screenTime': 4, 'flow': 'Occasionally', 'psiPossibility': 'I am open to the possibility', 'deepWork': 'Rarely or never', 'meditation': 'Yes, daily', 'gender': 'Female', 'diagnosis': 'Not sure / Self-diagnosed', 'scrolling': 'Sometimes', 'autism': 'No'}",,
q8dhTt7mmjOzDImdvmFdcSyAvcn2,2025-09-23T16:01:55.282000+00:00,"{'age': 59, 'clarityNow': 6, 'screenTime': 11, 'flow': 'Occasionally', 'deepWork': 'Less than 1 hour', 'meditation': 'Yes, daily', 'autism': 'No', 'gender': 'Female', 'scrolling': 'Frequently', 'diagnosis': 'Not sure / Self-diagnosed'}",,
qU0QBkJVcQVxLfOMOLwHLfrbEQn2,2025-12-15T18:40:49.187000+00:00,"{'age': 36, 'clarityNow': 3, 'screenTime': 12, 'flow': 'Often', 'psiPossibility': 'I am open to the possibility', 'deepWork': 'Less than 1 hour', 'meditation': 'Rarely or never', 'gender': 'Male', 'diagnosis': 'No', 'scrolling': 'Frequently', 'autism': 'No'}",,
qnJdJVxsjweSx3GiZa0eo1XhKH23,2025-12-16T21:24:54.044000+00:00,"{'age': 27, 'clarityNow': 3, 'screenTime': 5, 'flow': 'Occasionally', 'psiPossibility': 'I am open to the possibility', 'deepWork': 'Rarely or never', 'meditation': 'Rarely or never', 'gender': 'Female', 'diagnosis': 'No', 'scrolling': 'Frequently', 'autism': 'No'}",,
r3rvDHiKcJV0iAdIxmwb8snxLD52,2025-12-29T11:09:16.014000+00:00,"{'age': 21, 'clarityNow': 7, 'screenTime': 4, 'flow': 'Often', 'psiPossibility': 'I am skeptical', 'deepWork': 'Less than 1 hour', 'meditation': 'Rarely or never', 'gender': 'Prefer not to say', 'diagnosis': 'Not sure / Self-diagnosed', 'scrolling': 'Frequently', 'autism': 'No'}",,
rz7q3ryW8qMQFtHJIayqoyGNNXB2,2025-12-20T17:19:12.046000+00:00,"{'age': 25, 'clarityNow': 4, 'screenTime': 7, 'flow': 'Occasionally', 'psiPossibility': 'I am open to the possibility', 'deepWork': '1–2 hours', 'meditation': 'Occasionally', 'gender': 'Female', 'diagnosis': 'No', 'scrolling': 'Frequently', 'autism': 'No'}",,
s73u1fArucbKvHlNYunn9evnWN22,2026-01-11T20:41:57.107000+00:00,"{'age': 35, 'clarityNow': 8, 'screenTime': 6, 'flow': 'Occasionally', 'psiPossibility': 'I am open to the possibility', 'deepWork': 'Less than 1 hour', 'meditation': 'Occasionally', 'gender': 'Female', 'diagnosis': 'Not sure / Self-diagnosed', 'scrolling': 'Sometimes', 'autism': 'Not sure / Self-diagnosed'}",,
s9tIJMSnsUSYEIi2vpUjY3QfqQs1,2025-12-15T22:20:06.392000+00:00,"{'age': 35, 'clarityNow': 7, 'screenTime': 4, 'flow': 'Often', 'psiPossibility': 'Yes, it is definitely possible', 'deepWork': 'More than 2 hours', 'meditation': 'Occasionally', 'gender': 'Male', 'diagnosis': 'Yes', 'scrolling': 'Rarely', 'autism': 'Yes'}",,
sNSmpssU5ePuDiuQWylxfBWgJNl2,2025-11-20T23:47:17.330000+00:00,"{'age': 84, 'clarityNow': 7, 'screenTime': 3, 'flow': 'Often', 'deepWork': '1–2 hours', 'meditation': 'Yes, daily', 'gender': 'Female', 'diagnosis': 'No', 'scrolling': 'Sometimes', 'autism': 'No'}",1.0,True
sRQ5lv918MO71CWvTFem9UrnyIV2,2025-12-14T09:36:44.170000+00:00,"{'age': 39, 'clarityNow': 10, 'screenTime': 8, 'flow': 'Rarely', 'psiPossibility': 'I am skeptical', 'deepWork': '1–2 hours', 'meditation': 'Yes, a few times per week', 'gender': 'Female', 'diagnosis': 'No', 'scrolling': 'Frequently', 'autism': 'No'}",,
sodvLVssCoe8Go2t0iiHdBcv57q2,2025-12-09T23:36:39.975000+00:00,"{'age': 24, 'clarityNow': 6, 'screenTime': 4, 'flow': 'Often', 'deepWork': 'More than 2 hours', 'meditation': 'Rarely or never', 'gender': 'Female', 'diagnosis': 'Yes', 'scrolling': 'Sometimes', 'autism': 'No'}",,
tPIXu4qa6mafQhj6gVtrCIQvp572,2025-12-11T21:07:44.543000+00:00,"{'age': 29, 'clarityNow': 7, 'screenTime': 6, 'flow': 'Occasionally', 'psiPossibility': 'I am skeptical', 'deepWork': 'Less than 1 hour', 'meditation': 'Occasionally', 'autism': 'No', 'diagnosis': 'No', 'scrolling': 'Sometimes', 'gender': 'Prefer not to say'}",,
tWCoChndr1QfhUD8uh6RW574j0K3,2025-12-16T00:58:55.410000+00:00,"{'age': 52, 'clarityNow': 8, 'screenTime': 10, 'flow': 'Often', 'psiPossibility': 'Yes, it is definitely possible', 'deepWork': 'More than 2 hours', 'meditation': 'Rarely or never', 'gender': 'Male', 'diagnosis': 'Yes', 'scrolling': 'Frequently', 'autism': 'Yes'}",,
uXrJw4hPKbbG7UrWT2iiz8RwpCJ3,2025-12-06T16:39:40.777000+00:00,"{'age': 54, 'clarityNow': 5, 'screenTime': 6, 'flow': 'Rarely', 'deepWork': '1–2 hours', 'meditation': 'Rarely or never', 'gender': 'Male', 'diagnosis': 'No', 'scrolling': 'Rarely', 'autism': 'No'}",,
vE4oQNnACGUOvuluRMyKhyn6KJl1,2025-12-16T17:19:35.052000+00:00,"{'age': 28, 'clarityNow': 5, 'screenTime': 12, 'flow': 'Often', 'psiPossibility': 'Yes, it is definitely possible', 'deepWork': 'Less than 1 hour', 'meditation': 'Yes, a few times per week', 'gender': 'Male', 'diagnosis': 'Yes', 'scrolling': 'Frequently', 'autism': 'Yes'}",,
vXnPiicu1RUv2pH00eQyqpTSRM93,2025-12-27T19:37:53.407000+00:00,"{'age': 24, 'clarityNow': 10, 'screenTime': 7, 'flow': 'Occasionally', 'psiPossibility': 'I am skeptical', 'deepWork': 'More than 2 hours', 'meditation': 'Rarely or never', 'gender': 'Female', 'diagnosis': 'Not sure / Self-diagnosed', 'scrolling': 'Sometimes', 'autism': 'No'}",,
vZDDy2uScLYiMFcSGSwsChu4Pks1,2025-12-20T23:18:12.540000+00:00,"{'age': 22, 'clarityNow': 6, 'screenTime': 5, 'flow': 'Rarely', 'psiPossibility': 'I am skeptical', 'deepWork': '1–2 hours', 'meditation': 'Yes, daily', 'gender': 'Male', 'diagnosis': 'No', 'scrolling': 'Sometimes', 'autism': 'No'}",,
vhAuWHlLmSb0iY4B4weSuSprUey2,2025-12-16T18:11:23.009000+00:00,"{'age': 34, 'clarityNow': 8, 'screenTime': 4, 'flow': 'Often', 'psiPossibility': 'I am open to the possibility', 'deepWork': '1–2 hours', 'meditation': 'Rarely or never', 'gender': 'Male', 'diagnosis': 'No', 'scrolling': 'Frequently', 'autism': 'No'}",,
voxVXTS5tuZosgzjYFbrZZPNDe32,2025-12-09T03:13:24.125000+00:00,"{'age': 18, 'clarityNow': 5, 'screenTime': 4, 'flow': 'Rarely', 'deepWork': '1–2 hours', 'meditation': 'Yes, daily', 'gender': 'Male', 'diagnosis': 'No', 'scrolling': 'Frequently', 'autism': 'No'}",,
x7tQpQhNPbZibvd5KKIB77OLaQA3,2025-12-05T02:43:12.456000+00:00,"{'age': 18, 'clarityNow': 5, 'screenTime': 3, 'flow': 'Occasionally', 'deepWork': '1–2 hours', 'meditation': 'Rarely or never', 'gender': 'Female', 'diagnosis': 'No', 'scrolling': 'Sometimes', 'autism': 'No'}",,
xIO1wZGsyufv1at5dKzEnAKOVh52,2025-12-19T00:30:58.407000+00:00,"{'age': 42, 'clarityNow': 10, 'screenTime': 2, 'flow': 'Often', 'psiPossibility': 'Yes, it is definitely possible', 'deepWork': 'More than 2 hours', 'meditation': 'Yes, a few times per week', 'gender': 'Female', 'diagnosis': 'No', 'scrolling': 'Frequently', 'autism': 'No'}",,
xmHRKIZuWweHe58UK3nT68ZM1Oj2,2025-12-23T16:09:04.901000+00:00,"{'age': 20, 'clarityNow': 6, 'screenTime': 7, 'flow': 'Occasionally', 'psiPossibility': 'I am open to the possibility', 'deepWork': 'More than 2 hours', 'meditation': 'Rarely or never', 'gender': 'Female', 'diagnosis': 'Not sure / Self-diagnosed', 'scrolling': 'Frequently', 'autism': 'No'}",,
xs3pWM75sgg0Nzek95risw5Fbnn1,2025-12-28T06:56:11.885000+00:00,"{'age': 22, 'clarityNow': 3, 'screenTime': 12, 'flow': 'Rarely', 'psiPossibility': 'I am open to the possibility', 'deepWork': 'Less than 1 hour', 'meditation': 'Occasionally', 'gender': 'Female', 'diagnosis': 'No', 'scrolling': 'Frequently', 'autism': 'No'}",,
xyjncyhmgBfLqncgbus7bZvsnO62,2025-12-10T02:05:19.079000+00:00,"{'age': 35, 'clarityNow': 9, 'screenTime': 7, 'flow': 'Often', 'deepWork': 'More than 2 hours', 'meditation': 'Occasionally', 'gender': 'Male', 'diagnosis': 'Yes', 'scrolling': 'Frequently', 'autism': 'No'}",,
y612YV0ACNSi8gs6TnC3QIueQi23,2025-09-17T04:12:30.421000+00:00,"{'age': 59, 'clarityNow': 4, 'screenTime': 5, 'flow': 'Occasionally', 'psiPossibility': 'I am open to the possibility', 'deepWork': 'Rarely or never', 'meditation': 'Yes, daily', 'gender': 'Female', 'diagnosis': 'Not sure / Self-diagnosed', 'scrolling': 'Frequently', 'autism': 'No'}",11.0,True
yDBP7OPuGzbXsj38NfjH8rXERQX2,2025-12-18T14:27:18.456000+00:00,"{'age': 21, 'clarityNow': 10, 'screenTime': 7, 'flow': 'Occasionally', 'psiPossibility': 'I am skeptical', 'deepWork': 'Less than 1 hour', 'meditation': 'Rarely or never', 'gender': 'Female', 'diagnosis': 'No', 'scrolling': 'Sometimes', 'autism': 'No'}",,
yXqTavuOnXWd2SjRziAcTeT2lb12,2025-12-28T20:34:51.485000+00:00,"{'age': 35, 'clarityNow': 9, 'screenTime': 12, 'flow': 'Often', 'psiPossibility': 'I am skeptical', 'deepWork': 'More than 2 hours', 'meditation': 'Yes, a few times per week', 'gender': 'Male', 'diagnosis': 'No', 'scrolling': 'Frequently', 'autism': 'No'}",,
zLJxHujaCTWw5N1uuC7dXRHxYSw1,2025-12-10T17:11:30.144000+00:00,"{'psiBelief': 6, 'clarityNow': 6, 'screenTime': 5, 'age': 59, 'flow': 'Often', 'deepWork': 'Less than 1 hour', 'meditation': 'Yes, daily', 'gender': 'Female', 'diagnosis': 'Not sure / Self-diagnosed', 'scrolling': 'Frequently', 'autism': 'No'}",,
zY1zpgh7VrO0DlIrAuPRRz01j7D3,2025-12-21T04:58:28.180000+00:00,"{'age': 55, 'clarityNow': 7, 'screenTime': 2, 'flow': 'Occasionally', 'psiPossibility': 'Yes, it is definitely possible', 'deepWork': '1–2 hours', 'meditation': 'Yes, daily', 'gender': 'Female', 'diagnosis': 'Yes', 'scrolling': 'Sometimes', 'autism': 'No'}",,
zwVLD96Jmsdy4n2yFsouXODAJSD2,2025-12-09T21:34:24.794000+00:00,"{'age': 29, 'clarityNow': 2, 'screenTime': 5, 'flow': 'Rarely', 'deepWork': 'More than 2 hours', 'meditation': 'Occasionally', 'gender': 'Female', 'diagnosis': 'Yes', 'scrolling': 'Frequently', 'autism': 'No'}",,
